https://api.github.com/repos/jetty/jetty.project,10791,fix/10.0.x/jetty-sh-updates::jetty-10.0.x,1,merged,Test::Build::,Joakim Erdfelt,191721,119,1,5,5,4,1,31b5518fe3e4776949d7fcc842246fca2b1c04ff::
https://api.github.com/repos/jetty/jetty.project,10765,fix/jetty-12/fix-awaitility-dependency::jetty-12.0.x,1,merged,Build::dependencies::,Olivier Lamy,19728,155,1,0,4,1,0,587c504cde044d7a40206bb928c3fafc3666ba2c::
https://api.github.com/repos/jetty/jetty.project,10586,jetty-9.4.x-hpackHuffman::jetty-9.4.x,1,merged,,Lachlan,19250643,15,1,185,1,7,0,a2a0a2e3f06ada672c9fc6fe6c25f15822976285::
https://api.github.com/repos/jetty/jetty.project,10573,jetty-9.4.x-hpackHuffman::jetty-9.4.x,1,merged,Security::,Lachlan,19250643,15,8,796,387,37,1,17a5eb63e19b33794ad5b5757b65594f4920c41c::5fde779d140e79470ab15cc15579b561af8459b9::fd0c322a9629085af35f762b2283c5f9c6bfb731::93f7a584613098f9cfb0815a8a51c1592bc0a636::d0cda86b0b28cd10ba0885e3fa3f299e8d7753f3::b0a26fa268ca7f1000ae526ee0e1e0019d1707e8::11cd24f765a88c2776407155b71715f3130a1e8d::db7979402d716b9fbf7eb561c4a76caec6d42fcf::
https://api.github.com/repos/jetty/jetty.project,10546,jetty-9.4.x-hpackHuffman::jetty-9.4.x,1,merged,Enhancement::Security::Sponsored::,Lachlan,19250643,15,3,1541,634,24,1,17a5eb63e19b33794ad5b5757b65594f4920c41c::5fde779d140e79470ab15cc15579b561af8459b9::977c6e135b11c97c7f7706cfb8c932c2b6f22762::
https://api.github.com/repos/jetty/jetty.project,10545,fix/10.0.x/httpfields-deadlock::jetty-10.0.x,1,merged,Bug::,Joakim Erdfelt,191721,119,2,49,1,2,1,5960d432d42faecf57407f0e03eb8bb93eaf6a41::8611f6cc26d588720c550d9c623833e0497a2c54::
https://api.github.com/repos/jetty/jetty.project,10439,jetty-10.0.x-9928-backport-Request-beginNanoTime::jetty-10.0.x,1,merged,Enhancement::,Ludovic Orban,622925,23,1,61,4,5,1,c747c1724ad2e1e57fa0ba882b279b37cff6a4b4::
https://api.github.com/repos/jetty/jetty.project,10375,dependabot/maven/jetty-10.0.x/org.eclipse.tycho-tycho-p2-repository-plugin-4.0.2::jetty-10.0.x,1,merged,dependencies::,,49699333,0,1,1,1,1,0,4592f77506e1b9263a24bf35b7cd5a0c45dad092::
https://api.github.com/repos/jetty/jetty.project,10371,dependabot/maven/jetty-11.0.x/org.eclipse.tycho-tycho-p2-repository-plugin-4.0.2::jetty-11.0.x,1,closed,dependencies::,,49699333,0,1,1,1,1,0,4b986fcb9a9fdbc46aa85a36d5b1c165ac9627af::
https://api.github.com/repos/jetty/jetty.project,10352,fix/9.4.x/backport-httpparser-improvements::jetty-9.4.x,1,merged,Enhancement::,Joakim Erdfelt,191721,119,2,51,84,2,1,b71c4a41bf9c18f9c78b10771cc7b487da633e9b::6fe3e6f14b82e5fb6889bdd840abc5f0c7b1e0c8::
https://api.github.com/repos/jetty/jetty.project,10329,fix/10/cleanup-httparser::jetty-10.0.x,1,merged,Enhancement::,Greg Wilkins,70829,67,6,50,84,2,0,90499268212faf43e682e620055e964a439f521f::8495c293b0821e6226346cd7504052f7f37ccedd::6f579cafcafed2f7966d9319ad510b6a52d82561::7c57d50f4a9355509848387aa33966f354257932::d8f329fab40505b1b0d00b1b9d11df21356ef3c9::6a456658b7c42706735b6c8fe3abb495fa60d5dd::
https://api.github.com/repos/jetty/jetty.project,10299,fix/9.4.x/xmlparser-customization::jetty-9.4.x,1,merged,Enhancement::Sponsored::,Joakim Erdfelt,191721,119,8,192,43,15,1,15da45037fddbce57fedd4b62c1a7b8454a49119::45032ae95a5ec97da0b584d40a267bdf2eb72aa6::9a0ad2134093cb375386fa321756cf601437f3f1::a7dea3e841b18406166a015cdfac13e3342e7188::972e2c70dfbdadb49b1781a60065a6cd1770efd5::65ecd648faa9860a9360c5b5a241c6ca8e4067bd::459234acaa9cc9cbf4550c2979c64b2c7980ee57::a399bc98239f41b1c13126c10d44e1da667bfb06::
https://api.github.com/repos/jetty/jetty.project,10195,dependabot/maven/jetty-11.0.x/org.eclipse.tycho-tycho-p2-repository-plugin-4.0.1::jetty-11.0.x,1,closed,dependencies::,,49699333,0,1,1,1,1,0,42b7ea1761cdac1f79e5e876c1617296c360f2c9::
https://api.github.com/repos/jetty/jetty.project,10188,dependabot/maven/jetty-10.0.x/org.eclipse.tycho-tycho-p2-repository-plugin-4.0.1::jetty-10.0.x,1,merged,dependencies::,,49699333,0,1,1,1,1,0,6de611f236036b0b4309b2528f4a363df8590734::
https://api.github.com/repos/jetty/jetty.project,10099,fix/jetty-10-start-quoting::jetty-10.0.x,1,merged,,Greg Wilkins,70829,67,13,270,106,6,1,68209deb19055170796c5cc2866b30ab0f51167f::a85ccf5478917feedb6bee43a3dfe3833714e100::26af0c86794288844a1e84e46e3a22e7a6095874::d65ca77b05a93e10a6fd409c6b2ba754c11dc892::df91bfd31915ed82637827694c78504d9a19a993::f4a2deaf2fdae16ec55ea58650097c64a4679ed9::ff67adede0d843b598f895109be82ad2c5d5e4a6::44c1fe2ce668528db623c9fbee02e3be22396d7a::845fbb1fc4aeaf3e0ed63ce3be3b141bce4bf4ba::61b51bad8b3b70202e23aea067b1947d508ca1a1::ab25cd96874d0cbb341c0fb3513f38921e6908ec::6871906d8d99c00062e2cb68535ddc1cd61a99fc::4ecf5215f7a938b645d74df4dcb550d633be274e::
https://api.github.com/repos/jetty/jetty.project,10085,fix/12.0.x/getresourcepaths-dirs-with-trailing-slash::jetty-12.0.x,1,merged,Bug::Jetty 12::,Joakim Erdfelt,191721,119,14,430,35,21,1,a4f7c029dc90a788141d3bba9dc0c7a88d4c5f0d::8e4da80e36c5b800601d8dc7af33f505d72166a6::e9e07805b5ac55c36e670cf43e558f99220ae7a6::ea80c52c89bab5851725f6953d57681935fa8a96::1d7a62e763a0b49940269fdf1e3a9d884b267897::96a320874d6279d1b98523886e11c41c0869b249::7875230d4d9185c3f26308bbafbf86395704add6::10fbabd85e18cc7580e0cae97f0b66e685e7b773::f57cb0457104867d330fb3bff1cd0643d5ece743::4927b1d47638e717a4e65e3323ae9ab79dc0536f::8172a46f1c6982f1a02202c4c8fbcefcb96890bb::b454bf5b5c61d271b5e0d8480d99fda159f03d42::7176fdc29fb5bfd3700add9e0e6224bf7fdc2eb9::9d6679bc7cbc2a9b3462fb8e7492fc911d4be66b::
https://api.github.com/repos/jetty/jetty.project,10042,dependabot/maven/jetty-9.4.x/maven.surefire.plugin.version-3.1.2::jetty-9.4.x,1,merged,dependencies::,,49699333,0,1,1,1,1,0,37927359c7ef91d7c2a04be17245612d3c3a2c09::
https://api.github.com/repos/jetty/jetty.project,10031,dependabot/maven/jetty-11.0.x/maven.surefire.plugin.version-3.1.2::jetty-11.0.x,1,closed,dependencies::,,49699333,0,1,2,2,2,0,81debd3f6451d4e8c5ca2dd36f247513922f9f59::
https://api.github.com/repos/jetty/jetty.project,10007,dependabot/maven/jetty-10.0.x/maven.surefire.plugin.version-3.1.2::jetty-10.0.x,1,merged,dependencies::,,49699333,0,1,2,2,2,0,417f1f557aa74f6e0dcf014eac4c67ce58482005::
https://api.github.com/repos/jetty/jetty.project,9115,jetty-12-TypeUtil-class2Value::jetty-12.0.x,0,merged,Jetty 12::,Dr. Christian Kohlschütter,822690,46,3,19,43,1,0,b45ec288d4f2d9f5aeb732950f406e57aec115ba::3ee4f3c7afa3917c96e26775fe87e6f5297fb694::9d3fe9a7461137b720e43ebb7f2846439ddcc423::
https://api.github.com/repos/jetty/jetty.project,8875,fix/jetty-9-allowed-resource-alias-test-stability::jetty-9.4.x,1,merged,flaky-test::,Joakim Erdfelt,191721,119,2,39,49,1,1,b3c949204eec30d4a37d1360da52150860dd4e9d::4053605f4b846cae5c49a567b183c1f64ba6a244::
https://api.github.com/repos/jetty/jetty.project,8874,jetty-9.4.x-SizeLimitHandlerFixes::jetty-9.4.x,1,merged,Sponsored::,Lachlan,19250643,15,2,13,1,1,0,ec197a245e91b4d2c3b70c0809543404769bad5f::5a1324bb16cd0c563d11a80a6d7a8b44a44a4764::
https://api.github.com/repos/jetty/jetty.project,8762,jetty-12-lock-free-execution-strategy::jetty-12.0.x,1,merged,Performance::Jetty 12::,Greg Wilkins,70829,67,1,124,62,1,0,0b5198fc00ae8044c6056996aacf985276b0a66b::
https://api.github.com/repos/jetty/jetty.project,8425,jetty-9.4.x--8414-fix-BlockingArrayQueue-drainTo::jetty-9.4.x,1,merged,Bug::,Ludovic Orban,622925,23,1,45,12,2,1,7126e166f01ae6a8b04aab2d0cf71b2fe13d55b6::
https://api.github.com/repos/jetty/jetty.project,8145,fix/backport-regexpathspec-fix::jetty-9.4.x,1,merged,Bug::Sponsored::,Joakim Erdfelt,191721,119,1,62,7,2,1,32c202515835c029c29020856422c625a4217640::
https://api.github.com/repos/jetty/jetty.project,8136,fix/cherrypick-improved-pathspec::jetty-10.0.x,1,merged,Enhancement::Sponsored::,Joakim Erdfelt,191721,119,7,1202,426,22,1,c21b6a86ceab485139235c7cb90f67f294fbe1ab::547fa69215c0012859414265aee3a29f20e0b419::2ec9527d6d2755a65e0004d8dd3cf792e8fb7402::590adf286ed26879b92a9df1ee5b489e7fd53b21::4e419d80cc53b23b1e82a4ae0c96614d409288cd::bc1416a3c499e1253da7327b149173ebccd1a645::eb36ebfe20ac4b7d496024ee3fa7fd76e13faa5a::
https://api.github.com/repos/jetty/jetty.project,8004,dependabot/maven/jetty-10.0.x/com.fasterxml.jackson.core-jackson-core-2.13.3::jetty-10.0.x,1,merged,dependencies::,,49699333,0,1,1,1,1,0,e1e6530c54044a0bb11b3de75191689663ea747c::
https://api.github.com/repos/jetty/jetty.project,8000,dependabot/maven/jetty-9.4.x/com.fasterxml.jackson.core-jackson-core-2.13.3::jetty-9.4.x,1,merged,dependencies::,,49699333,0,1,1,1,1,0,f2b838b38e4b6ef41fe87fd4a706f9a436be8bab::
https://api.github.com/repos/jetty/jetty.project,7996,dependabot/maven/jetty-11.0.x/com.fasterxml.jackson.core-jackson-core-2.13.3::jetty-11.0.x,1,closed,dependencies::,,49699333,0,1,1,1,1,0,26775a6a0205f2c3d6990cacb700d01bba78eee2::
https://api.github.com/repos/jetty/jetty.project,7978,fix/jetty-9.4.x-7935-http2-error-handling::jetty-9.4.x,1,merged,Bug::,Joakim Erdfelt,191721,119,3,160,8,2,1,af828e7d4937ea20a4b896f4ad77fc3edd7ff2c4::d6aa5afd974cc02b60f83c337e802a9442fc1151::98392d870a12fe5a50decc3414129b61da9e05c1::
https://api.github.com/repos/jetty/jetty.project,7943,dependabot/maven/jetty-11.0.x/io.grpc-grpc-core-1.46.0::jetty-11.0.x,1,merged,dependencies::,,49699333,0,1,1,1,1,0,1a07b0c66b72fe14907e11d55b2b163f37e0ae18::
https://api.github.com/repos/jetty/jetty.project,7922,dependabot/maven/jetty-10.0.x/io.grpc-grpc-core-1.46.0::jetty-10.0.x,1,merged,dependencies::,,49699333,0,1,1,1,1,0,1606deac222c876a8cf9062c1afc7033dbdf29b7::
https://api.github.com/repos/jetty/jetty.project,7921,dependabot/maven/jetty-9.4.x/io.grpc-grpc-core-1.46.0::jetty-9.4.x,1,merged,dependencies::,,49699333,0,1,1,1,1,0,a6c1ea008bdaec417d05926d9fdddf465cbbd0fd::
https://api.github.com/repos/jetty/jetty.project,7834,jetty-9.4.x-7748-non-servlet-pathSpecs::jetty-9.4.x,1,merged,Enhancement::Sponsored::,Greg Wilkins,70829,67,1,46,8,5,0,63baa1a829c3ee233b92335739989dbd5c3c4812::
https://api.github.com/repos/jetty/jetty.project,7600,jetty-9.4.x-7567-MultiPartGzip::jetty-9.4.x,1,merged,,Lachlan,19250643,15,1,85,10,3,0,334e02833a2c5ed50832caf689ccf68b9ba44acc::
https://api.github.com/repos/jetty/jetty.project,7595,jetty-9.4.x-7461-fix-flakey-testQueuedRequestsDontOpenTooManyConnections::jetty-9.4.x,1,merged,Test::,Ludovic Orban,622925,23,2,30,16,1,1,703e30da7a2fee727131f50efde6c2fde051e3ab::41f691045279d59172db6a80e549b36dfefae970::
https://api.github.com/repos/jetty/jetty.project,7511,jetty-9.4.x-6017-backport-module-property-override::jetty-9.4.x,1,closed,Bug::,Joakim Erdfelt,191721,119,2,285,2,3,1,4cb3f9ab1f5f02db8d4ad829c863755a28f385d9::2e9e8d219e7971983e11b0d3891505c898901a0f::
https://api.github.com/repos/jetty/jetty.project,7273,9.4.x_issue_7271_set_array_trie_capacity_limit::jetty-9.4.x,0,closed,,tinswzy,30112657,2,1,81,9,3,1,a338e3b6f5c600d318e82f05d3acf23431fad062::
https://api.github.com/repos/jetty/jetty.project,7267,jetty-9.4.x-7266-ALPN_RuntimeFeature::jetty-9.4.x,1,merged,,Lachlan,19250643,15,3,4,6,4,0,65f135cf1a643d7cf01af128793f4ea6993399b7::28b0128500ff7d84879f3a8c99d683c2d171411c::5e1f9a78adcd58f7cb049d397842660374523ea6::
https://api.github.com/repos/jetty/jetty.project,7146,jetty-9.4.x-7107-maxduration-multiplexed-bug::jetty-9.4.x,1,merged,Bug::,Ludovic Orban,622925,23,1,173,35,3,1,1c649c56d314b1eaa09469f26fbedd73722dd044::
https://api.github.com/repos/jetty/jetty.project,7081,jetty-9.4.x-7059-AliasCheckerNPE::jetty-9.4.x,1,merged,,Lachlan,19250643,15,5,233,28,5,0,705872827befc220b16e503bf685194fef9e4148::4da5d923589dd2aed7794a380cb007314c3f63d0::ba06d0d12964974ad8bcb17022032554f80cdb87::2a27f6983881cf28c821840b6226efc97a48c85e::94c6aae11b486254b2e05e6cf0241dd3df7e69da::
https://api.github.com/repos/jetty/jetty.project,7049,jetty-9.4.x-response.writer-test-coverage::jetty-9.4.x,1,merged,Bug::,Joakim Erdfelt,191721,119,1,814,30,2,1,b786fea26349fbec058b3f149ad702f2e66c15e2::
https://api.github.com/repos/jetty/jetty.project,7006,dependabot/maven/jetty-10.0.x/jakarta.inject-jakarta.inject-api-1.0.4::jetty-10.0.x,1,merged,dependencies::,,49699333,0,1,1,1,1,0,9183efaed6d8a04c9fb96172ebaa854a7b2cf977::
https://api.github.com/repos/jetty/jetty.project,6979,jetty-9.4.x-6497-AliasCheckers::jetty-9.4.x,1,merged,,Lachlan,19250643,15,4,580,14,18,0,7f94ec6497887aca08679ea321f80b401300d546::401472f8ad6269d62810c13483dd95fa75a42420::12ee69661f88fed599b420b79de24c78521fe8ff::6ec652f004e262326f9fed2459023e2013d74d28::
https://api.github.com/repos/jetty/jetty.project,6942,jetty-9.3.x-6263-concatservlet::jetty-9.3.x,1,merged,Bug::Sponsored::End-of-Life release::,Greg Wilkins,70829,67,1,3,1,1,0,fd7e05c7867ab716f45c90cfb3bad93fe0d898db::
https://api.github.com/repos/jetty/jetty.project,6918,jetty-10.0.x_fix_wrong_directory_name::jetty-10.0.x,1,merged,Build::,Olivier Lamy,19728,155,1,3,20,8,0,db1943c9685819da3331742a658c4512e4ddaa30::
https://api.github.com/repos/jetty/jetty.project,6914,dependabot/maven/jetty-10.0.x/io.grpc-grpc-core-1.41.0::jetty-10.0.x,1,merged,dependencies::,,49699333,0,1,2,2,1,0,1310bb710aebc1d0ca841333b57ad5f9c50e461d::
https://api.github.com/repos/jetty/jetty.project,6903,dependabot/maven/jetty-9.4.x/io.grpc-grpc-core-1.41.0::jetty-9.4.x,1,merged,dependencies::,,49699333,0,1,1,1,1,0,b0bc5400a1fd51d7b99f78a2cfa11e70b719e5ac::
https://api.github.com/repos/jetty/jetty.project,6897,jetty-9.4.x_mod_file_interpolation::jetty-9.4.x,1,merged,Build::,Olivier Lamy,19728,155,5,211,140,36,0,7391590359d4c59525a38955e23a27d1d3a8ed2c::693516f639aaeec16eff70aba55d315688c22240::3b1a71b832409799a7b55a3bc3b5e1a903421f3c::d276928f15a75bb4ff46e51155bb25f6a28f23b0::c89526cc15816eb7db84215ebc1196ef496245de::
https://api.github.com/repos/jetty/jetty.project,6798,jetty-9.4.x-asm-9.2-backport::jetty-9.4.x,1,merged,dependencies::,Joakim Erdfelt,191721,119,1,2,2,2,1,e6be5d72686a63882a08c09fec547236e532a575::
https://api.github.com/repos/jetty/jetty.project,6784,dependabot/maven/jetty-9.4.x/asm.version-9.2::jetty-9.4.x,1,closed,dependencies::java::,,49699333,0,1,1,1,1,1,c2eb2c675972438c4b1910aab6151655633416b1::
https://api.github.com/repos/jetty/jetty.project,6746,dependabot/maven/jetty-9.4.x/hazelcast.version-3.12.12::jetty-9.4.x,1,merged,dependencies::java::,,49699333,0,2,3,3,3,0,50453ad3390b334b7679360a844656eb342791ac::767f339ff12d3589f2748d4fdcc644f8d1364023::
https://api.github.com/repos/jetty/jetty.project,6734,jetty-9.3.x-6072-backport-large-tls-fix::jetty-9.3.x,1,merged,Bug::Sponsored::End-of-Life release::,Joakim Erdfelt,191721,119,3,87,3,3,1,ecc0bee63536529ff38412e225bc8dd8fae6a348::9d7160d491efedde89a7db6756c01ad3c23c4315::2112dafd3a547e916f3705db8e3b3bead28f8dae::
https://api.github.com/repos/jetty/jetty.project,6733,jetty-9.3.x_issue_6072_large_tls_record::jetty-9.3.x,1,closed,Bug::Sponsored::End-of-Life release::,Joakim Erdfelt,191721,119,31,1075,679,257,1,e05eda116562c8fc4b715216a406d2638c1b2bc2::e3b3f1b22ffa34d86a1c8d638867ed92a31f63d1::ab91c52b1074011b9d25c12061f95a30c879dc09::a4d1a29c903364b7d7867d17804b998a70c97020::cc65f2b750ee5c0fb73fabdda9a4e7bd0186a93f::9748197181516e2750c24462118f5d7b7c939f2b::e864425fc7f7ccc1ef412c92149e5f3fac3dc35e::e97a4ca24cf0bba8179488e94cbc27d2bbf0fc35::fb5c479f4c4832d317c9f65b3b558d701ed0f151::5d40225cf235752d992f074b1c03054c0267817a::dfc816c935eda5fff5b71310ce89819ceec2bb16::e208f57ffa5bb1dd51426645159963b83798c226::bd0014a75b46c78ec4dd534a15939744238d59e3::42f1bccf41bbc1251249291b33706faea420296d::86df4a906947ffefa2fdb822618b81c23b887817::aa77bab40cef9ca4047c9b875d17d728c632a6a8::82c2e79b6a4a553b85c58e56126f6917f9c5a4b3::50df01daaa8c0a9c5d07a4b79616468792af5fd0::6b14c1727a3c2e162114e3ac8f87d6ac9daf1072::dfb0095785b1916058a6cecaa147615a290eb850::2ff42672ec7c4abb7ee56375d5f70e958cff1dc5::9f3374616ec7974fe40a829c99fbb5fd5f47bc71::7b6e226c81effe52fb0bd065baee96b9eb62d8bf::2c5a72d9d277760b286eab2a216e1141e96f75c4::3ee62d4ffe8bc53ecd1f2644d6307b020a811664::45a1e167da83145875ec17c7153224953fb413f9::bb83b860d7f2fdefcf1608c45746f282f9b2d812::7bd437a4e735212eed14275782d932acd2a00e97::54005a30f6b81e1149518197dffb5d666c28014a::309897e595591e6346bb8f316850d65e61acf9d0::bcea10acfe884b50064a885d005c2ac5fd4157f8::
https://api.github.com/repos/jetty/jetty.project,6732,dependabot/maven/jetty-10.0.x/hazelcast.version-4.2.2::jetty-10.0.x,1,merged,dependencies::java::,,49699333,0,1,2,2,1,0,4ff4e103a5db42f29e0716d7031f1fbd8f8ca2d7::
https://api.github.com/repos/jetty/jetty.project,6705,dependabot/maven/jetty-11.0.x/hazelcast.version-4.2.2::jetty-11.0.x,1,merged,dependencies::java::,,49699333,0,1,1,1,1,0,019f529c96707b9c0525d38acd2a0caa8e3a3611::
https://api.github.com/repos/jetty/jetty.project,6691,jetty-9.4.x-6554-DefaultIdentityService::jetty-9.4.x,1,merged,,Lachlan,19250643,15,1,98,11,3,0,7e91d34177a880ecbe70009e8f200d02e3a0c5dd::
https://api.github.com/repos/jetty/jetty.project,6666,jetty-9.4.x-awaitility::jetty-9.4.x,1,merged,,Simone Bordet,414681,174,1,135,125,11,0,65f063a51af029e3b39e73f7b12947d8e1861d62::
https://api.github.com/repos/jetty/jetty.project,6659,jetty-9.4.x-6568-SecurityHandler-isAuthMandatory::jetty-9.4.x,1,merged,,Lachlan,19250643,15,1,155,0,2,0,a575607284afb5cf8be917273eeab5ebb526fb2b::
https://api.github.com/repos/jetty/jetty.project,6649,jetty-10.0.x-jetty-jaspi::jetty-10.0.x,1,merged,,Lachlan,19250643,15,1,1236,228,31,0,4d579d682cd17717e9b73535a75127a0d88f5151::
https://api.github.com/repos/jetty/jetty.project,6579,jetty-10.0.x-6563-last-written::jetty-10.0.x,1,merged,,Greg Wilkins,70829,67,3,199,11,2,0,925ec0eeac63a4e129d601380ff5384ef01a6a2b::b22ab7eda8e238c55b0b204ea9b5b6275081b0c4::10ebc8463d03a96cbf5d8f7ae4b97ac2dfcea703::
https://api.github.com/repos/jetty/jetty.project,6568,jetty-10.0.x-6553-SecurityHandler::jetty-10.0.x,1,merged,,Lachlan,19250643,15,4,150,0,2,0,40c79346c1246accab589ba429775f88391a4564::a27018bc39f56bda248a2b2931e5df7d7a7c6c9c::b854b0b1db885d3cf1a7898b2000c16db7801c90::a508fc5eefe214833b31f0deaab07cb1d3bc6828::
https://api.github.com/repos/jetty/jetty.project,6540,jetty-9.4.x-AllowedResourceAliasChecker::jetty-9.4.x,1,closed,,Lachlan,19250643,15,16,639,17,17,0,a1bb8f3375b9c5314f60b3e5c2ee0b2d36d528f1::32ae130565c059e1760508a1820c26570aca4b5e::be8c6acf653b9b50f841688b07ba5e2e9da70d2e::7c0c3c96b035a45b958c25c79c943ed98eae6b46::18581539d659df980080b60236db36c6a50721ef::ad85c40d2518715b7331d1a76a506e5c01a3f204::b916269c74acf0c1f15fed0e0ffea8b3a05832eb::6909476975296e08cab7be8b25421ae6b498899f::68d93fbb194b6fc216b9c930f0d4beb0bec72919::a7639bcec4fc6a8310a807e2de9f82ceb5de508a::32bff7744eeb2106fc2c1b5a490e40b905bbdfc6::bf078be52d28b485dad99e4f8e682b088768e8df::27d80694b4e400bde290200a6013f511ac1ab3c7::6e66604941bda83763918f891aacb1f9a8c294e4::b1fe449a92bd06d8111ce3cb4a7a8c74087dc92b::57741c0f0760263874fab2b51006bd67486609d5::
https://api.github.com/repos/jetty/jetty.project,6361,jetty-9.4.x-6330-CustomRequestLog::jetty-9.4.x,1,merged,,Simone Bordet,414681,174,1,1,1,1,0,b83941cf048e61aadf5d4fec92f3b4f57cfab39a::
https://api.github.com/repos/jetty/jetty.project,6304,jetty-10.0.x-6302-EmptyPathSegments::jetty-10.0.x,1,merged,,Lachlan,19250643,15,13,260,23,7,0,36332ab052b0ca70684a660097f5bcfe7b239e83::c30875e7f260ba16389e6a368951086ea42e37d5::3206dabcd88c8df5ea011b94090295de7b7d12d0::3aec9635f9f0825278db052f2261fdec82a1ac29::0cae7bff4a60f183f9135abdf7d6519ba4b230ed::26491825c656ad7bc1716dc15d736a4d3631d794::279221797c80eb3ed8eca865aa6914f38af842fb::3dd5460a076361213d9580ae3f05eeee6f967571::93eaffdcf489c7d627a71278d671e642f3dcf004::918f3772eeebc9bd38e64f580d6d1b381a685ba1::339e245a9c21427700816d4bb978596207edc5be::26d16461a590a362a05c710c9bc88414ac0150d7::ceccab934f5ab28d260fb402b9b52b4dac064f0b::
https://api.github.com/repos/jetty/jetty.project,6278,jetty-10.0.x-6277-session-destroy-listener-exceptions::jetty-10.0.x,1,merged,,Jan Bartel,342406,21,2,122,20,5,1,b926efba1f5a66db2ff966d97e483088841a1e37::5d95ad59a6fa25ceb2a9f1d20a7193ca2b6efc13::
https://api.github.com/repos/jetty/jetty.project,6029,jetty-10.0.x-6026-cleanup-uncovered-path-warning::jetty-10.0.x,1,merged,Enhancement::,Joakim Erdfelt,191721,119,3,2,8,1,1,82a50727d801c34b27483b81be7a4b6d02be123f::da83f05c402d7a3c531e16c612c314cf6a4e793d::74ecf3675b4c2602573082f2a53baa728b755863::
https://api.github.com/repos/jetty/jetty.project,5820,jetty-9.4.x-5819-PoolArithmeticException::jetty-9.4.x,1,merged,,Ludovic Orban,622925,23,1,5,0,1,0,447823316da54172b50d11396b1cbfb6bd432965::
https://api.github.com/repos/jetty/jetty.project,5549,dependabot/maven/jetty-11.0.x/hazelcast.version-4.0.3::jetty-11.0.x,1,merged,dependencies::java::,,49699333,0,1,1,1,1,0,5205b1322b990805578136183ff1ae9d396ede1d::
https://api.github.com/repos/jetty/jetty.project,5510,dependabot/maven/jetty-9.4.x/io.grpc-grpc-core-1.33.0::jetty-9.4.x,1,merged,dependencies::java::,,49699333,0,1,1,1,1,0,4cf5017cea7a2fa780efeaafe7ec3ab2ee3a0e98::
https://api.github.com/repos/jetty/jetty.project,5312,jetty-9.4.x-5170-WebSocketUpgrade::jetty-9.4.x,1,merged,Bug::,Lachlan,19250643,15,3,377,7,3,0,2f3808026fa948a4bf419149b7162e9a0c41d3ff::a3090a61e86de2e60e452beaf7ebc7510cebf941::5d951e840ea0417a2903f212909d6af03d519c09::
https://api.github.com/repos/jetty/jetty.project,5026,5025-include-welcome::jetty-10.0.x,0,merged,,Grzegorz Grzybek,306565,58,1,48,1,2,0,93fa21b7b77bd88f5933265b3f28c6a5e3d17e76::
https://api.github.com/repos/jetty/jetty.project,4759,feat-improve-keystore-is-not-valid-exception-message::jetty-10.0.x,0,merged,,Michael Mayer,6059032,66,1,2,2,2,0,1889a236febdbad83cb603b4d6ba03c7b8189661::
https://api.github.com/repos/jetty/jetty.project,4679,jetty-9.4.x-4621-jetty-all-exclude-jaspi::jetty-10.0.x,1,closed,Enhancement::,Joakim Erdfelt,191721,119,1,4,0,1,1,5bc3b18e4708c034e3a39d8ea61bfe2f411da64c::
https://api.github.com/repos/jetty/jetty.project,4678,jetty-9.4.x-4443-alpn-backport-8u252::jetty-9.4.x,1,merged,,Simone Bordet,414681,174,3,289,634,97,0,9bb92f81bd5206c3597889644a1dded127760e22::6df47dd18353a1343d9142a37cd16b9aed6152c8::1be2f474243b9596915b464a9c921729811138c3::
https://api.github.com/repos/jetty/jetty.project,4596,jetty-9.4.x-4567-log-throwable-lastarg::jetty-9.4.x,1,merged,Bug::,Joakim Erdfelt,191721,119,2,319,222,2,1,d453333a48ba25095fed2e1167936db9f0815da0::0e536407a921ab73c4e5742c47d096b365604269::
https://api.github.com/repos/jetty/jetty.project,4592,issue_4540::jetty-10.0.x,0,merged,,Dmitry Kornilov,9343261,70,1,98,10,4,0,ab944095747204bbcbe6feccbd6c4eb055e17016::
https://api.github.com/repos/jetty/jetty.project,4561,jetty-10.0.x::jetty-10.0.x,0,closed,,Sergey Tselovalnikov,1780970,154,1,8,4,1,0,20295168ff02f921ad971569cb4460f401169159::
https://api.github.com/repos/jetty/jetty.project,4256,jetty-9.2.x-tls-large-record::jetty-9.2.x,1,merged,Bug::Sponsored::,Joakim Erdfelt,191721,119,5,332,38,4,0,45a5b9c8b968755a7b24bedabc02294281ff0211::c58fd58e41f8b38208bd041853d64e7f639e1e0f::737144a35e80911fbb9264f5a0ff137f32447065::c980e3dd3424a4b2a1748ca2eae03e0d0e096010::f7ab02a5d1d453f5b47aa4e4a184530035fc9a94::
https://api.github.com/repos/jetty/jetty.project,4245,jetty-9.3.x-4217-sslconnection-flush-loop::jetty-9.3.x,1,merged,Bug::Sponsored::,Joakim Erdfelt,191721,119,5,271,47,4,0,e665c8f806406ca8c1d8fe37bee740c5b693aed3::93a5ff0b8912e236b74aef041b03a820e5001cb9::e137ee3cd7eed6972497d150a65d7949ab2f7a75::c04997f7e0aeffed0fc05a0ce1b0ebe8ea3a10cc::a3f3612fb4c408b2fad72f23d5c618b719b533ee::
https://api.github.com/repos/jetty/jetty.project,3759,jetty-10.0.x-3616-SessionTracker-MergeFix::jetty-10.0.x,1,merged,,Lachlan,19250643,15,1,0,142,3,0,b21e9522bb1b48b38fe2cfe176262412e90ed64b::
https://api.github.com/repos/jetty/jetty.project,3617,jetty-9.4.x-3616-backport-ws-sessiontracker::jetty-9.4.x,1,merged,,Joakim Erdfelt,191721,119,1,195,93,7,0,9d159318f574b71bdbb34730ab37cbb2621491b3::
https://api.github.com/repos/jetty/jetty.project,3557,jetty-9.4.x-3476-websocket-concurrent-connect::jetty-9.4.x,0,merged,,Lachlan,19250643,15,1,237,1,3,0,aeb9d2c5dc961ce639701d3b8f0794be86798986::
https://api.github.com/repos/jetty/jetty.project,3492,jetty-9.4.x-3106-websocket-connection-stats::jetty-9.4.x,0,merged,,Lachlan,19250643,15,2,299,0,4,0,f913499ef4f1bd93bd31c1027535f318283016cc::784ac093dd8f4e3e399744915c3810096fce6631::
https://api.github.com/repos/jetty/jetty.project,3467,jetty-9.4.x-3422-wss-close-wait::jetty-9.4.x,1,merged,,Joakim Erdfelt,191721,119,5,72,19,5,0,76de1c0f24cb5df93263b313b6f6e1a40bc760ab::4fb19402830279f05bc29bad673cd083df49e037::d7364e47947f4be0944511a5b8c47543d524e977::e56ef9d8f86f436b3ee69c41d970e77682207722::4eb8cb1686d384a0548539801a6c520f97a69c7e::
https://api.github.com/repos/jetty/jetty.project,3223,maven_plugin_its_versions_from_main_pom::jetty-9.4.x,1,merged,,Olivier Lamy,19728,155,1,9,6,2,0,8d7c700808854a2ce001e49a388a01445979d85d::
https://api.github.com/repos/jetty/jetty.project,3118,jetty-9.4.x-3117-RetainableByteBuffer::jetty-9.4.x,1,merged,,Greg Wilkins,70829,67,5,180,102,2,0,b68428ac971e7358bd7eb7935a7c9a6762125dbd::dc294f90e908f8a8c5763106f07abd794b5f8d5d::33b43d96ad156c6ffbb23ddbb53b5b9c5c9cf6d4::053606a9bc700110db87ce44594f60f7b10f0e68::73cb34d2fa0b7b4b21067db2d6898dd56f2d8abf::
https://api.github.com/repos/jetty/jetty.project,3088,jetty-9.4.x-httpClient-setter-deprecation::jetty-9.4.x,1,merged,High Priority::,Greg Wilkins,70829,67,1,38,10,2,0,e18d0e2c2ff4ad339ce6166b701e10233f8bc9f8::
https://api.github.com/repos/jetty/jetty.project,3055,jetty-10.0.x-websocket-core-reimport::jetty-10.0.x,1,merged,,Greg Wilkins,70829,67,357,62003,64163,1150,0,2fa947b42441984d273367d4e68daa97008ec8b9::a3df3073c3c67509e7cd05410e6aecb56455c5a6::60e6253fe054c043f2dd5bc90636d8de187bcc06::27cdc19c369db09c471152a1aefe82e34f36b249::081737edbd8eaed41a8dcc3f73093e887fa5e318::ee3a66572b94d59d2f0300172a723a087e1fca2f::8968d97948a4ce59a3d4150be060265f1defcb54::3d6d6fac7b2a6e265ba76fcf9f8eedb4ef9507c4::f2a47beb04412a5ef8b380984277387aeb213ab8::f84b98e1668245041d17c422b2d088d9fd6fc649::19daa658f4cf268776af482c64e9b3ed23d13622::316a6f8d2e5b3cb10483fa9766a5b5268a54c90a::bc995bb50241cc920128e1891a92516ffecfde67::8646b3a49aba1da75c2f31577e205da4301fe9f8::3ddac2034e542d5c632bb3b1c119be9a9b66b42c::bb4225b9c46cb334b8ef99e6dba159f2ffb7a23b::384a919f5baf4765d514764a4a639218dfc8b35a::430c4a612a5276567762ec04bab36329fc948b66::aee110018833d5bdbb72ada0bfceb090f59dd677::acca98216efa31eebf7f26febeea107b8b41425a::69dd65302f4bef23f44a442283c97da9b0bb5b4f::3da45cee47783b8d9ec64a0c9f316e12e039697b::483570736c68a91fc3ead776481b362567c3a52a::e83fe97258793df55f40f8eb7a65cfd5a100dda1::90ba20d2958e600d500251969b0848f415df8742::e16d35c1bf55e08c85df071aaee99b8e7c12078f::0aa9f684ca0e255636d9dd2e7a196bdcf8f3b7b7::48bb7455167396fc2d9659321bf4e3968316b3c6::1501e81e64e85e8341b1c269341295e54f478513::487855dd5850f100c7748704da8227f6178e2868::15766be4ce209d48a304a32e3a7acfd0a979b14a::a563e20587ef707135c588b9d7586c4634bf1dde::9b5c57a20db7d40fc27dc17d475fd5b83efe504f::d803d693a818c37b23605083ff365c3010e5edab::b8fffb94243928e05b2813002f01e777da3c9818::8cec071b7281221a9d6e120ec9b28fcd2c80fb9d::a57f2decf21d3aa6cc6120b278e2cb2b9ffdb99b::1996e31c44199eb54c14a13cf24b75f487c88ecc::0ebcdeb97c118737ff8d0dd0a4bfb1ea9fcb887e::90ca42310a37462a9449bc3b336e5d24fa461fa8::b163887ffce79e75ecd97fa9906598c6a84a058f::36cf962d39c7ddf8259115073dec4885c1291ac6::888f039b1a0962d4773685b185422af98e249862::e4a262804005fd15092772ef22673aa310a6c6f4::450e1e3360cc67d882b511f95b08c9972b328e5e::938da9906d6585510827e248b22e79c849994c4b::98a64f5f75c23eeefb2446ef6ceee3df60dde5b2::afcb8ac9709afef47f3e4264ad2825171cdf7e77::91b1bf29e8fecb92dbbecc3e2e6bb3200760e08a::c81393898755cdb72a87255c6305fe5be1cbeaeb::d15191c62b24e2f1879a0e9e2ecb52f79b24433f::f96d58df1b226778e645c7e0549952fe8699b0bb::5769b1cf15389fa6bb773a3df80690150fcd9c45::dcf289ff4832027ce99847bb17f974657b0f8b88::153228d32783173f422df363d6eb5204a4f7f135::cdf20c46b3da611bc746cfcf976c9f828e94ef73::e973a309817200e7c9d24032fa32fd7819b8077c::fc7318a839b638a6ef8ffa2a59bdb1ce61f5da6e::e3b969d7473c022bd095775b66785c42af41c3c5::ee4caffe3179e5b0baee31423c192ad9343c61ff::412691f993301a0041fc6127bdb76f764d3ab8a4::0c3cbf0fb48dbccabea75b29b17400c8de0867b9::56330fc6af0a4d1319916d43ed5a1fc1fdf50dfa::143810f65f2e83ce55a41f12f154be5dbd919e88::3f1e8d211729fc54e585a144c4aeafb3eb0584ef::ab134a45c0d99418bb2f8f5594109f4c539b6bf9::dbdba4be2a9c279dea21446c27b64d922704e017::3ef053eac48f960ac16ffa64e9e40ec5d641364a::c0e34a76653b1411bbec1ef94b60c43be9cb9d07::0eab8cfd166385ced73ab99182eaeb392ed0c168::8a68a50206554a5162c09b4f035d82332df88b8d::5ab2996967dfcae7db4a08d67b03b2927b10a06c::cf1465924464b2f02aa008a920acdca501d86894::bc766ff1544621c162a93762b9020d1d7f2c9081::6b3d72c359ef9f1da64a809f5cc2fb0581e940e0::ab9016420b52492682b4f2a18404b384c7cec50b::9b22cfc9295a5864a0ad9facc939d4f774995b27::d61833c44b989745a8892b25ed2cc2978dd37cd3::e5f581e68c38657ec8d6cccdc98a098249626fdb::72ed1cbb330030196c31baf6fb678443fa314bd4::d259c2c9bb42e1d9bebf5a7d34bb0902b07701d8::8bdc85cc154e4da4d2c6294714f59d227fca3c2c::c520ce9894d69d1ae79bffa5b36663379a6f4b5e::edad37d6b67bcf1c24e08b07e0c9a7c37de17ae8::68605e1b2af28bcc8dc1fe6100016810006de21c::c918bdb38ae6f7c16ca802548f98b81a9a82ca7f::abbf2a930aa8933dd3b5e9c3ae27b63cd855f06f::57df9356049e8b6de58d695c76cb5088623c785c::2b31bc4d8f6b011df52c94220ba59f927b240de5::76389fbc29e3d25b7e641960547fbfbf5dde67bb::a0753310e379da1b8cc3ee5340eb26cd8e77e3dd::42d8bb2ff3eb3f5842e296004d89ea3d72345a5d::d94ff32e14d756876c215bd5bf2e6f9d4fd10a96::7884af18ab777043e71c1715456345bf90eacd19::8cb10764672a68d9082cd547055600872320b4cb::f53a5e374e47224fec9c5133c0c9490958d7bf51::dd33418c07d2b3dec61caca3420b9160ebe6759f::f5327e9b34c2bb68a1bbc4d936c720aff12139df::226f654c021bf083cf22f3a9c83149d93489a892::ca05e6670a3ca52a5a8627d402a0a1284f19d8bd::1a3a0fab946506ec7e68995d9d4f61b27e4e7556::34bdaad4da855498220efce0c2c527eceba93eb4::358685a54ce63927d979ca2b8711fbec213928ea::377563beedc8ca8a84576de0812b857bbf44747a::9caca93cafd0eca4d5c23ab32a2e2e59243d10db::a5e30e6368f109af1540c2e377dc670344f58ba3::06ed7f16bc188035ffe4b68fe37e9186115eca22::51c5df8955e7d87c661087fa33547a8ad55d6ac8::327f410301e87bf2e9ff23ff97e9871634147af0::d8c73f3a19d7260b4fe8a9223e53b98b3227ffc2::ebf9dbe70a63691c3cdd4d128500f2b493912540::63d17e942f5d552b89eb1bd1d02e662e76fcd203::34326ca0513bac0f09088df989c57412cd8967c1::6f1dde1a18feacd84b5344e19958d2e1c74b9ff6::02f5dfd0428ccc7a5c8b7c3f8519b697edbae0ad::9fa43fd49342ee6f4aea7b1a5d1b90686ec14664::fa73fa2ea3e955f8a08a700b21296675115d9a15::680ee9d7e7605e6d376b3678e0870d18e0046e1e::df84930c473b7995466459ef33f1fa882198b0bd::61f7803ce0677425e6e8a25f0700b7a69b238480::21fefa3b37652edbef2a62c73b9facfd036a3668::f0645865fcdd9e5d09e888ab67236078927291e8::2b818f88160705ff603308c529042cfd1595f7cc::0d7063ad9feee2234d35a02358c43b99dddc727e::da95c7cb729e716f6cd07af0a4b6d3a9795f6166::0326415471fc5041c9d7e1b042fa1ceca6129b09::86609b621ed4bad95cb2c8283feaf2585a5aac21::07e4ffd2364ba8d5057e75b1efcbc2f41eca5c1f::9adc82ad4109c3817f7731d06322ee4409b8d047::3bcefdcc5fc6a184fca333fac110c6b7046b363a::0a0053a01f3c752b19bcb1acedcb97cfecd9b381::7c7cc736190cba5eca8434c3d132f8df64cbea78::4df4460b2f730607f30d88ce770694b452a5f5a6::63235be1a04a429e651bbda0872a35af5a9e7ec2::481bfefe4345b17e8d795326c63cc5d1843d8a69::be8a43c2124337664f6a2d4f550706b259f3ba81::6fbe6bde7ff5f3bedff3edd381564cde0c91e60f::9b14d3fdc82f9183cfe4e6dceee426b3673a307a::cb02030605cfd2e32063faececfc1a3c0100994a::4239411f7d157972fffa838448e39cbb617e15d4::4d0afe11518c3ec5d6a510f31ee716945b94a866::a5b6d5aaf083c86b1b7183526623d0e3f2c2aed9::f19a9b0be9eb644e801bc55e532fbca25dbbd74d::147d568a69b4b23943bd3e965d56b71665045798::14627eef0962088eb8c6a4ace8cc446565047104::4f0d35c23188d711ba6bfbddfe98410f08c08cbe::90a442d543b195c7aa266175e7addb35faa8a5e8::39b5e754fa17f4b73f19240127d499fe12d02c26::806a9d5043aafd74d87eeb622a57f4de7d6331b3::e7e472458dfd12c0196423855a1a9a947d754c37::80df5ad2aeb6d21e4199aae94b36072c88d81372::8f0ed57f0563ea7c9879544b84da41c6504ab0a8::9d1a0eea9c72b82b34a0705d41b92e2cd116afbe::6dbd63fd9ecc32ad330ef5e9008da8754344c9b5::75b840d2d20de49faeb9901e7a3dfb83d4ede076::58d48abfdac2c0ba84dcd71f814027fc1923ba05::2a7d515a8afc324731f9c17b75b2551758c76f5e::18dfccf3a7dfaa377145c46cb93901504524cb43::0bcd0377a8f45057f933eb338c0e4dd065cc7a44::138550f99b3fc1ed752346f3a92e33c6aecbdba7::781a60bb3dfb86d90a03ac34c7f62c0f11aa3c7c::fc983ac63d5ea3b67f57b481d59459cee31903a3::fa26d3a2bfa06f6c91c0ad32190d11d220864421::dad931a930fccd9d2aae3e59efc7af7df60b862f::1dbe9632693004849931d62c36f20efdb663ba56::1b33dd174a797a8a1d6c2dde45b8a6b4bd4dc610::a82b39bec620d70b18c8d643476118cd390be845::82d9b0b5d03bab81cbf79a6afc056fc9624fb248::06366679eaf8e082feab6be62d39f687cbfb0804::2327a51c706414a95d5a6369cacbec1327fb4458::a847960e05bc3fc3a392f20465823f7e2302c85f::98f0aa0df089839a6b55de8b32b5d94282eef4d3::725a0dc273d7c8cdfcf560f5b9020ef280b5ae86::37c7eb1f611d2743ef7a42050f1b5cf191db195c::df272bd9b6bda624286d219fe78b83481c25d189::7003482064b0a9ecf29dd51b5280963edebbbff3::f8e2ea39c68afa57042b2c8249e8270bc2d09b08::97895681957366278c40b6d107bee9b21f49c100::d2f111c94768040d1df54a414ec552f901b2be20::08350511a4a77741e6bf93b683907c6acb2dd93f::dcdf636bdf9b34bbc97a3477479d074c29306ad0::2e233745a65dcf13df9d3d5db4abc8376cf94319::999727ba043ab846ba657e40c3a1c123dafc8cf4::b649dcf925de5d4a64bde00aa67666923418572c::f7bc1d4fff9d3e95c32827f8bd0ea93cd3401b77::e73b8fba0472126c862673b226c2e7c977e5aa79::4205f05cb9a58d46decf214bbc74c8099f7f4581::f628cbd71d4883f47505b257c5e1141a21c76c1f::a9dd7d007060ae8bab4ee49519bfd9b7ca192269::5da93b7bc2ee9817ec22dea0176fbf5227ab8f58::7f302d3c85763db355a400f90265e7c2ff451f5d::030c004eb2c3ca27ba6b7f861f56441be46c2c31::914b6f9f20c5fd1cc029b7614389b74396afcf0a::4621066bc50b0f7f54a1a810b39c3f29d3f89b33::6083f52bbf39fd55f7ec9ca4255ee59a0268d6b9::2c70a3c803b9167acac16791c736fba0cc41782c::d6beb4ed86111ba6879a1921408f7a3ff821439d::e58813c99fb433e2e7510335810ba582e96cb8ca::abe25cde32874ec8c00364c82d9278633dd0fbf6::6abb4a8c9097352b7ac5ec3f49383f7ee57fb464::46c2723a38f9e20db9d864002d9f4dfb28cbf944::a3bcfa2c7b7eb3e0aee61b71f12217ee46a43464::b6d5936816ad961c96b02087c30e8f8a4474d749::b3f8f176bfc97e0cf5c91497b1968c052b8e9065::6fee2ff9603b51a471f4570756cb72dfa47365fe::ba22fd93766a1c2e99785bd3bb0a6a4d57fcde7f::06e3d24b0c09df8339bcf364174afd59c02c8909::9164e587d83eb2d5aafcc4536113bc213b6e3595::112ec3c3c200ef9dfebe65c3ee7fde0a8790939d::2cee75ce77b4fb2ac3a7a082d4f0f026204d03f1::b393d689ad42b2339b5ec73e89cc334e9a28e33e::970abc54692cfcb358a9d48990fd83e80d5783ae::dcc6a8072566cf61f07faa225c2190531f99e535::5649e7807c360eaf4b00aaa47192bf004870d333::0d941790b40200d670192221bd4b6056b1379872::3ef4f8cf22f9cc7abd70834aecf0bcbe2485cac2::1aaee002b259259746d9f5eeeb5dc50c97f6f498::e9def7b46e8ff6ec9ba191d293d139e916f1d324::215fcb7320746758a2422d5acf5c133c48554e08::e7286d6d8251e7adbab93d1bc3bc951f0de33529::4b507cfc39af0117903a74d05d2381f57559bc92::4e2ef7a24b2f33e8f2f7c4e5b58d70982d0c6de3::07e9d11f99ec9cd39b56758265bbc673180f4d25::7f030575c3552eb00a6b99d26cc241b293eea8ec::765159adfc584ce5a44d3ffb02d8bcfd6f5d6630::3f864bc4b8f14b10a8eddebdf3fbf5cd882471c7::fbc17cc08ebfc8840d38fa25332afb91bc2a39fc::3eeb5f8af547b80b5fec55e64f73daeae0c62201::a3bf90ead54cd7869adf3aa9b86caa2357c97414::17ccecc9ef70afb2bcdbb5869634d39889dd3bd5::769c555a0a59e0ff23e15c6e5c5193f9401ef7af::f9b144a9deb5ee98a5962ae80cb0ab0360ca15f0::296ceb3b3c4ca3671592071a2bc8a56ec3977528::7649ed2c8c82a3d1be51efec3ccc3c43781ddc65::419e793d4ea386de4fe1cb391faee14b58523cd9::68e0c0af0f5f15c776b36d6479931f2d4c48ecef::024bb6123e4223fcb497352ad90e452461b20f12::21321de02631c3ab932642c19c2d9597e6469df5::a085bb5732df387a13962592a68446ff0012e35c::31b813e8cfc56fb0626cdc49668eb6dcdcccde7d::b4bef09397258a2b302b3b1a066e9b6e3787be7d::2c2ed5dbd2c1d4323777a7c9e0b75a596cc66276::863673d532b1511fe0cf2a37dfeee64873d0af81::e7df068713b2a6989927111a944566b86f799af4::eb5e479c4604ef751d9593cf5a439b73b8814dbb::1291c6fbb2da0b00eba6f06484c0b0ae630005a2::4d59e555415170959a2e11515d58f6b4d6210c36::70c542bd8c1f12f2c1bc752a66343277383d998d::fffe0ac85dee8868d6be97949480f13dad3aafce::e5539bb6469b9a4a81834370df6d44c3d81279e1::
https://api.github.com/repos/jetty/jetty.project,3025,maven_plugin_distro_mojo_javaPath::jetty-9.4.x,1,merged,,Olivier Lamy,19728,155,1,71,45,5,0,2b3b1f9edfafdc597493be449eec66f1d39da235::
https://api.github.com/repos/jetty/jetty.project,2862,jetty-9.3.x-2860-fix-leakage-of-HttpDestinations::jetty-9.3.x,0,merged,,Anton Ivanov,3289141,12,5,49,10,2,0,084d6ce4439005299469e6b010e2b855bcf780e0::a458bfaaf4ecde2d02416b8c9a26ea6c0fb7e20d::3d87265a0a94758bd0e97f51b894c8f83bfc4ceb::03c0d58727a4555aab419577bbf0e25ae0c16211::6211564f797ee2a09b8216c9aa0990f913bfa475::
https://api.github.com/repos/jetty/jetty.project,2803,jetty-9.2.x::jetty-9.2.x,0,merged,,Roland Grunberg,1417342,14,1,67,0,1,0,a6b9f4856a735f35547b2ef251bec81ecfeb0463::
https://api.github.com/repos/jetty/jetty.project,2802,jetty-9.3.x::jetty-9.3.x,0,merged,,Roland Grunberg,1417342,14,1,67,0,1,0,ea7ed4d0f10297ef0940f271bb918180f6cc978f::
https://api.github.com/repos/jetty/jetty.project,1753,allow_configure_jetty_start_timeout::master,0,merged,,Zachary Duquette,10729043,1,1,28,16,1,0,ed4d488e9344606f431b6fb9707d156a701188bf::
https://api.github.com/repos/jetty/jetty.project,1609,jetty-9.4.x::jetty-9.4.x,0,closed,Enhancement::,stephane martin,3063721,0,1,1,1,1,0,3565ad47804d51ce5b26511833e600ba3dda94fe::
https://api.github.com/repos/jetty/jetty.project,1562,jetty-9.4.x::jetty-9.4.x,0,closed,,Federico Fissore,510465,98,2,60,4,5,0,474d0e86fe70f7d49d61dce1959459cb1c12e7a3::7507e1f0401b6320e870e1e67f54fe022f23bfe0::
https://api.github.com/repos/jetty/jetty.project,492,issue482::master,0,merged,Enhancement::,Christoph Läubrich,1331477,26,1,281,1,5,1,4ee8c816cc8ccb695e4838a062e5771fc6e2c0b0::
https://api.github.com/repos/jetty/jetty.project,53,feature/Improve_start-up_performance_by_initializing_servlets_only_once::jetty-9.2.x,0,closed,,Wouter Bancken,13640309,0,1,17,14,1,1,144b49ef8015a0b4c9193470bce7a85a7ff7ff99::
https://api.github.com/repos/jetty/jetty.project,17,jetty-8.1.13.v20140228::master,0,closed,,Cédric Chantepie,166062,82,1,92,158,73,0,a331322b0e5df6760f58df08479953bf3d03f27c::
