https://api.github.com/repos/apache/phoenix,1717,PHEONIX-5980::master,0,merged,,,15064704,0,4,520,48,6,0,3b9229613c5e6e283999d043da0be57dcefa9547::242112d01c43d1c62ea2726e6da742c9bc873821::3a7873cb06e66686947b3a4f1e56501171ea5f10::573705ca6c1b4aabe7019888b0871b28fa0f67cd::
https://api.github.com/repos/apache/phoenix,1716,PHOENIX-7075::5.1,0,merged,,Nihal Jain,3429351,10,1,15,111,3,0,e1225071699d7dec5e2a2dd6c296030408a6f251::
https://api.github.com/repos/apache/phoenix,1668,PHOENIX-6960-5.1::5.1,0,merged,backport::,Viraj Jasani,34790606,17,2,1654,17,4,0,f6dd94b2d5f088e0ebe5bd1158832e210e690f4b::396c156f4db3b73cb3293b76fcc626e3867b3707::
https://api.github.com/repos/apache/phoenix,1663,PHOENIX-6960-master::master,0,merged,,Viraj Jasani,34790606,17,5,1654,17,4,0,59c8b2f13e0d3acd2afc9c23877f99a590e9451c::fd4069d460fba98081eb5552bf0ef5b2a2e14897::ab62738d8d316f12704ee3eb1ff9eab6df9cc312::4cc66c4bd1a576945923e3121105f0dfb308293c::9d3594f221d76366ecd07e9b61a84308df912871::
https://api.github.com/repos/apache/phoenix,1658,PHOENIX-6523::master,0,closed,,Istvan Toth,304757,12,5,2516,847,51,0,6ae9ce6df51d0d395a518714ea502a54831c1d9e::f451c775b72a25d17b55813d698a587d19b0935e::60ae2f8ae6138b3caff3cb4551cec21d243323ee::50c1941fe83c785d84708eb74942ce092b4d279b::c00a748e90347a2d82818c3627cb18eb9ff004c1::
https://api.github.com/repos/apache/phoenix,1641,PHOENIX-6961-5.1::5.1,0,closed,,Istvan Toth,304757,12,1,241,78,11,0,7c20f067b2b7b96d8286bcb17da034e953061ad6::
https://api.github.com/repos/apache/phoenix,1638,PHOENIX-6989::master,0,merged,,Jing Yu,40223124,1,5,352,6,4,0,abd3a8f5d80032d765f203e4b89ead1896b0d9ac::e2235e4c687de7725796f26303b84b14783eb10d::401845a97f62c7363a75812cdab03d2145a46175::898bfa8b46f08333051b40a9d3de0882783cacab::28bb21166712a4791c7f726ae1263db243975ed7::
https://api.github.com/repos/apache/phoenix,1631,PHOENIX-6984-5.1-PHOENIX-6983-5.1-PHOENIX-6959::5.1,0,closed,,Istvan Toth,304757,12,3,132,31,5,0,99b125006b70b7c2dd1cf286365eca898256e458::c3e71615f5164c2196203962c6b83a00b590a8ec::524fc1e5cb21be4419eaf4aa6994c584f695575d::
https://api.github.com/repos/apache/phoenix,1611,PHOENIX-6910-5.1::5.1,0,closed,,Istvan Toth,304757,12,7,722,109,12,0,3fe92b61b53a62f1e1f74439840ee7f6243355ae::b5a0d9bd160bfe282bd1a2a88a8664b7cdea3ab1::7db65946339df1da3227b639af5a0038a42bafd4::51607332563d5da319e97f1700ad24f3cb714921::37a0f7ebaf07549d4e5fd10eb453d89d44d96026::a475ed950cf170c4623da9c82484acf47afe52de::f54b79693c6394e83ae1d83082215e91c26a4db4::
https://api.github.com/repos/apache/phoenix,1604,PHOENIX-6953::master,0,closed,,Istvan Toth,304757,12,4,119,14,2,0,4716ce062ad07d1ce246322812f97e419bc0f83c::831f632c90b147e41cf8211652138ee8cf469969::38236fd6fcd263fb0ffbabec932d25578532b4c7::bbc54dc486f5c24a894c137919db480e33723509::
https://api.github.com/repos/apache/phoenix,1590,PHOENIX-6918-5.1::5.1,0,closed,,Lokesh Khurana,29246102,2,1,233,37,13,0,3058b2c4f8d9aaf13cf73cef65f3ab6a2008ab3c::
https://api.github.com/repos/apache/phoenix,1577,PHOENIX-5066-5.1::5.1,0,closed,,Istvan Toth,304757,12,1,773,111,19,0,46a8de3baa712975ead5ec1e75ae5a0362869b07::
https://api.github.com/repos/apache/phoenix,1550,master::master,0,merged,,Sergey Soldatov,1794962,4,1,9,1,1,0,29f19da4dde65c72a4815213e50f7559e750f0db::
https://api.github.com/repos/apache/phoenix,1548,spotless::master,0,closed,,Aman Poonia,2107766,0,1,126,1,2,0,2dd06368671ea91bd3d86bdb0e07485b62c4aa52::
https://api.github.com/repos/apache/phoenix,1546,include_syscat_time::master,0,merged,,Aman Poonia,2107766,0,1,8,2,3,0,e16f4d62aa785fceed2d1837ac9cfd3e418cea33::
https://api.github.com/repos/apache/phoenix,1535,PHOENIX-6692-4.x::5.1,0,closed,,Istvan Toth,304757,12,1,1362,22,33,0,c9391fa2273b2fc830fd59f8042e9229d73d0632::
https://api.github.com/repos/apache/phoenix,1529,PHOENIX-6752-apache-5.1-PR-2::5.1,0,merged,,Jacob Isaac,771184,0,1,533,125,13,0,e35cd5ee1c4c07b65d0c8d5a65f2b9c7c81be971::
https://api.github.com/repos/apache/phoenix,1525,PHOENIX-6776_5.1::5.1,0,merged,,Lokesh Khurana,29246102,2,1,148,11,9,0,56a07af9cddfb5c716bea42c7cd186223aa24400::
https://api.github.com/repos/apache/phoenix,1509,PHOENIX-6662-apache-5.1-PR-2::5.1,0,merged,,Jacob Isaac,771184,0,1,161,7,3,0,c2cb49c48aa468db0b2ec1c7318d8d3d1df6fcf6::
https://api.github.com/repos/apache/phoenix,1507,PHOENIX-6659-apache-5.1-PR-1::5.1,0,merged,,Jacob Isaac,771184,0,1,105,6,3,0,33bd661ce0e24b60acc248efbf2fafbc63da3102::
https://api.github.com/repos/apache/phoenix,1478,PHOENIX-6758-5.1::5.1,0,merged,backport::,Viraj Jasani,34790606,17,3,131,5,2,0,dc8c1d358ae9e02906017919c1ad5a0f3d28e409::d8fc9e90ab73cca280cdbede17aa91cad7382a3b::62b958deaa5abbdeecd1bdb81b503eafef5d492d::
https://api.github.com/repos/apache/phoenix,1433,PHOENIX-6705::master,0,merged,,Rushabh Shah,5529085,0,1,3,1,1,0,435bb53b8ecf28a6ed580de0738f4867fb9a3a8b::
https://api.github.com/repos/apache/phoenix,1377,PHOENIX-6634::4.x,0,closed,,Xinyi Yan,11622374,7,1,110,105,2,0,491b0466f5897a92707d83ee41b527765226425f::
https://api.github.com/repos/apache/phoenix,1363,PHOENIX-6603::master,0,closed,,Gokcen Iskender,47044859,0,1,967,56,20,0,fd70646d97e89bd56d308adc9dccf46aba55db21::
https://api.github.com/repos/apache/phoenix,1320,PHOENIX-6234-4.16::4.16,0,merged,,Geoffrey Jacoby,5717906,0,1,1072,1065,574,0,b3263e22c32a68146de2119d059d522141f9ad97::
https://api.github.com/repos/apache/phoenix,1317,PHOENIX-6234::4.x,0,merged,,Geoffrey Jacoby,5717906,0,2,1082,1069,579,0,43c6c4694cc9959ac9e99a739df0914b36c9e40b::acad2c55d7f2e032d5a9595158a80e1aa9acaa1b::
https://api.github.com/repos/apache/phoenix,1278,PHOENIX-5543-4.16::4.16,0,merged,backport::,,60829274,1,1,731,279,12,0,feb97fc2406eef7fb4f6c9b9e6e93abad5aa4740::
https://api.github.com/repos/apache/phoenix,1273,PHOENIX-6454-4.16::4.16,0,merged,backport::,,60829274,1,2,1214,25,26,0,f766bf43debee87116a52d7f63d853b8de67946e::bc2a4ce66f2de1ba21028c90bda5f81426b9955b::
https://api.github.com/repos/apache/phoenix,1272,PHOENIX-6454-5.1::5.1,0,merged,backport::,,60829274,1,2,1230,26,28,0,acc52db0f9446562896fc154394f303622423c16::12ca6d350e4f1f5b7d9c4e61e0ca62a25338a7aa::
https://api.github.com/repos/apache/phoenix,1261,PHOENIX-6506::master,0,merged,,Lokesh Khurana,29246102,2,2,184,2,2,0,24cbc492951f1e7b40014c04d5bee1e933eacaa7::21a1ebfb1ab4ffa22d00f8e862a37c8efe94953a::
https://api.github.com/repos/apache/phoenix,1117,PHOENIX-6343-master::master,0,merged,,Viraj Jasani,34790606,17,1,186,14,5,0,5e9ac333c6ef4486011e575b9328be985e70546f::
https://api.github.com/repos/apache/phoenix,1116,PHOENIX-5543-4.x::4.x,0,closed,,Istvan Toth,304757,12,1,729,277,12,0,0a2ea01d0cde216885f744ef4dc7375758d12917::
https://api.github.com/repos/apache/phoenix,1097,PHOENIX-5296-4.x::4.x,0,closed,,Viraj Jasani,34790606,17,1,875,714,25,0,acef32877b79e2d12ff042bef08f298dbd74908c::
https://api.github.com/repos/apache/phoenix,1082,PHOENIX-6309-master::master,0,closed,,Viraj Jasani,34790606,17,1,48,0,1,0,d7832fba61773b9e0fbd50574200c303baf5781d::
https://api.github.com/repos/apache/phoenix,1076,PHOENIX-3710-4.x::4.x,0,closed,,Istvan Toth,304757,12,1,193,48,6,0,5f0e2531e60570ae4e90827e28f0f6a5ecbf3fd6::
https://api.github.com/repos/apache/phoenix,1068,PHOENIX-6302-4.x::4.x,0,merged,,Viraj Jasani,34790606,17,1,18,3,1,0,5ae554ae0fbd978a630b2cb209eb71c11f06d482::
https://api.github.com/repos/apache/phoenix,1061,PHOENIX-6298-4.x::4.x,0,closed,,Viraj Jasani,34790606,17,1,109,12,3,0,818cbd093b5e41d8613d24ac62e055cc83f927f1::
https://api.github.com/repos/apache/phoenix,1054,PHOENIX-6295-4.x::4.x,0,merged,,Viraj Jasani,34790606,17,1,32,28,13,0,a4e999b8e40029f7ea2d541cf7e490936d3aa5f1::
https://api.github.com/repos/apache/phoenix,1053,PHOENIX-6295-master::master,0,merged,,Viraj Jasani,34790606,17,1,33,29,14,0,ff1b2028459fa5d3e0d3d677b9dda12b0e4f42ca::
https://api.github.com/repos/apache/phoenix,1050,PHOENIX-6292-4.x::4.x,0,closed,,Viraj Jasani,34790606,17,1,1731,724,23,0,bd1a5fd0c9aaadc6aac24fba81a1ae5473badeec::
https://api.github.com/repos/apache/phoenix,1048,PHOENIX-6289-4.x::4.x,0,merged,,Viraj Jasani,34790606,17,1,20,1,1,0,21f5e801eeaec19fad0df8826f03831fdb87e29a::
https://api.github.com/repos/apache/phoenix,1044,PHOENIX-6284-4.x::4.x,0,merged,,Viraj Jasani,34790606,17,1,41,35,1,0,1a0c834c3b0f78d27d0fe25fd05cf28bffb7fb53::
https://api.github.com/repos/apache/phoenix,1036,PHOENIX-6282-4.x::4.x,0,closed,,Viraj Jasani,34790606,17,1,76,45335,24,0,94ef46e68407f67ed6b8040028ce1afbfac1b910::
https://api.github.com/repos/apache/phoenix,1032,PHOENIX-6275-4.x::4.x,0,merged,,Viraj Jasani,34790606,17,1,254,3,7,0,2eb9ae75f970aeb4e2c6acc786cd175d9112be1f::
https://api.github.com/repos/apache/phoenix,1029,PHOENIX-6274-4.x::4.x,0,closed,,Viraj Jasani,34790606,17,1,123,21,1,0,63d2ac4907da9d86498b7d8026fb111f8383dac6::
https://api.github.com/repos/apache/phoenix,1024,PHOENIX-6269-4.x::4.x,0,closed,,Viraj Jasani,34790606,17,1,298,129,7,0,2c81324c478fa40dd7f94103af96871bbec1a434::
https://api.github.com/repos/apache/phoenix,1016,PHOENIX-6263-4.x::4.x,0,merged,,Viraj Jasani,34790606,17,1,82,50,6,0,36ade94350fbfa042933ccd45f72a31972ac1233::
https://api.github.com/repos/apache/phoenix,1006,PHOENIX-6246-4.x::4.x,0,closed,,Viraj Jasani,34790606,17,1,184,130,3,0,2a294a73582402f2d2b1302bffafae89197bb695::
https://api.github.com/repos/apache/phoenix,1005,PHOENIX-5728-4.x::4.x,0,closed,,Viraj Jasani,34790606,17,1,1552,144,55,0,4524932573031d48b3ab9e7d2877419fc593e831::
https://api.github.com/repos/apache/phoenix,997,PHOENIX-6086-4.x::4.x,0,merged,,Viraj Jasani,34790606,17,1,13,84,1,0,7fbb413d7e59a88f20fce1a071a1d87d2bfc00eb::
https://api.github.com/repos/apache/phoenix,989,PHOENIX-5960-4.x::4.x,0,closed,,Viraj Jasani,34790606,17,1,83,19,2,0,62f7ae3e2b996a5051046ba241cdea6c712f5660::
https://api.github.com/repos/apache/phoenix,983,PHOENIX-6082-4.x::4.x,0,closed,,Viraj Jasani,34790606,17,1,124,14,2,0,17962ea30810a66bfbe64354684e177e6925e900::
https://api.github.com/repos/apache/phoenix,981,PHOENIX-5895-4.x::4.x,0,merged,,Sandeep Pal,50725353,2,1,39,32,2,0,64d929f66a8a002ab8c8d996311022ff3594003f::
https://api.github.com/repos/apache/phoenix,941,PHOENIX-6208::4.x,0,closed,,Istvan Toth,304757,12,1,8,150,3,0,daefc2b30afc99937c58261400c60cada7374d1b::
https://api.github.com/repos/apache/phoenix,557,patch-4::4.x-HBase-1.5,0,merged,,William Shen,1041627,1,1,1,1,1,0,43a6ab9edf69edbe729c00bc2f15c39696383168::
https://api.github.com/repos/apache/phoenix,556,patch-3::4.x-HBase-1.4,0,merged,,William Shen,1041627,1,1,1,1,1,0,6dc0435e40a6d12bd9b9625dd421da6709b38943::
https://api.github.com/repos/apache/phoenix,555,patch-2::4.x-HBase-1.3,0,merged,,William Shen,1041627,1,1,1,1,1,0,a89a0a86b8e9bdef50e5a5d930fc60bd76aa9796::
https://api.github.com/repos/apache/phoenix,531,PHOENIX-5385::4.x-HBase-1.3,0,closed,,Swaroopa Kadam,3919279,0,1,84,59,5,0,d568b63963f7dca5c79dab166afcf441774316a1::
https://api.github.com/repos/apache/phoenix,526,PHOENIX-5374::master,0,closed,,Chinmay Kulkarni,4160016,15,1,56,3,2,0,bf1ca8e8693bc6a2d0d9f5a9117b59ad878986fd::
https://api.github.com/repos/apache/phoenix,520,PHOENIX-5333_master::master,0,merged,,Swaroopa Kadam,3919279,0,1,878,2,4,0,32e3ebebcf63c1800beeabc6c64a7d3a701c0880::
https://api.github.com/repos/apache/phoenix,298,PHOENIX-4666-subquery-cache::master,0,closed,,,1253477,15,1,773,117,21,0,900cb8ccb58ac83f01db18e005fc000b4e0a1679::
https://api.github.com/repos/apache/phoenix,293,master::4.12-HBase-1.1,1,closed,,,16404849,0,2283,330261,136150,2206,0,a1044c9034cc6f21dd298a7ec057dcd4843ea5b8::9c9dd0b4358b07bbcd35ae7d04fe2e9c121fedeb::a073d5bb19915df4424efc619323fb82e3e838e2::00d90317d8e7e1586eb1e30ff9643ccf0b20b469::9a1baf759a4c9fd99ff9875b7cb36d00f10c2f70::6842c1dcca06fc4a765a1ad3a69149c68186f77e::9b76bd51c86faea117d963b8fc033dbfef647d47::d04b3d8ca27b36a637b84d25ea723625a7bb2276::693cc1cb50b9a15f2715082f5719ced773f2c514::fa7e8c9c93bf2efc2a0e88bb768c7d3ea232f064::a4f0304c40904a155fa722a4729d47f8af691038::025a4affa72ef9b8c2035afddfb9f19ce102aa62::c4d297d9c57a6ffaa27498e59ca6c294fda779fe::fb9065760faa3986f49671df2cb64dcaca7d3476::bfc4621b2c3beb9e771553abcb7724dff4a66546::9dfb423b3928287857f348cae033626ac5339b36::67cef07011426bbf78fa271530fbebd6491935ff::19b22604e08567e49a22f781f736c6e1fca05bb3::e84232bda68bf3afd639265f3ddcd68d5798a6ae::c55b47286bafb67573d6bd61467e91de83223a23::01e70474e4fdd2da157013bfa4fb90cef2e3adfd::3bd4febd0f053cff3a65f14487f4a17784fc716e::4fcccbe3366cb2da517c331aa47de0a47475ee11::e631d24bcae16ad8c71374fa1d3f42c01c762315::87d5ce6793858237509d88f8abaec1008754ec51::8fb38e4a5f3f4152ddfe1614951866c8735bfcbf::f606289febe674d92b070d4c6db6be1b425e6be8::c1ffb0bdb75c00deb5d79a812c5c36555d1ddc74::4e63157ec3f8c45a952961381dd22a480bd704a9::7b5a67e43d92d208bfc2ca472e9aba57ac55cb36::a95257ee3c2472d404cf99fb90926d8f389a7321::a22907a512c769e409542e651a2e3c651c303c8f::8c68fe435d0cc7d8bc69ccb05bc6536ba5647113::d75e5e4299504f74cda4e31801c44bc2d1493568::dd3d85366a0be46a1b3221600835a74bf27b343c::4e5ac4dcfbd549316911decd67bbf2b457e9a433::1a13c055afb01a2ba6e658f0dd41a753bf904555::bc1f0affb0f72b74bf6c2b8c6bd59aae3d725405::54cfbca4ba3b33e92384cbf4d113c911bdbca6ec::56c5bb53b79299973ede035ec9927bce2c828c7c::9caf31373797a580cf81e1b57724d85b6b313789::5a7910a35d8308a7fe98b2917bd43084d79d6323::af6add5fa23ccd7c5c5fa2876ba97934dae448d5::3e67aff01383f10e83c1efb22058b4c111bb35ef::9ad31d73f73f5d8a55b82b4a1e9a1e524c8400c3::4c97c8703e88b518912000ff43e004a335432972::0ec6dd6736835d3c610d7d2e8ceba120e7a786e3::e3b15f37e100f1171ffe0df4064412e578a0aee9::4abe296252c8584b8ecb6028e949212c718ad8af::191a7837c3644856263a76a55faf54c43518eb9a::d095d234752c3754c76c1a7decff76169766e6c8::8676597a4cc6fb2559e18400922cc6758e44ab09::991f0091a05fbe4a7273c55d9ecb96a002047094::12bc597d2a06de88ea39645d09a002db8c853945::fa15879c3373e63b8b3d2f4d8642fc0ea574cf6a::aae1b215f06fa0e6140f6633518b5bfe3c788022::2b2c3f5125efd8208f79e0d906363ff49b06461f::eac331f074954066ae4ed6804027bd1086c99321::b7e3aecd7fe92afe59159da383a72e8c96ef88c9::061052b0574a787b2a85a21daa92824508af0b0b::9bad105bdb24e891cd70b7017a07dc63be345f18::01e1d2b4ef1758afef6b967f0959c8874e094596::f93c93168809b44f687ad5cf16fb31f5b8a3fa28::6ea9dec20f1302c10d7831f544cf9615eba633f5::79975037c1cf28d1f36ea2a64675bb4b48dc5157::3749cfcb056bfc844890c4389dadc8476871d524::faa5da80a663fa916a4906142eb0eaf68da0cc53::5c2844567b6928c6dd03b8725860ae146dc5024b::1c75f46d0740e93f9a8c5d214fc27c4ac37ac511::22f5d22bc20df3e419440d6076c98412b4b30ae2::596aca88530ef2e83caf05d606b61202bfa3ab5b::e67582dc2f4ab4e50ee9d26d5c6b3662d29c3e83::ed17757ff66a0bf393ef83d27df8a647f90be653::7a1ec5af265fb1d48655bfba8b61e565163f23da::9de2d60a8211464600ac7688b5d7be4c2f8cc3dd::01c240cd2b70f4c43f6d825489772111ef98384e::47887b3cefeb22ef70d8aba4f181f8704e553a79::455b1a7696a9fde454c9bcc089d607b6842cdf99::d9c10fbc9a5c719a182c49d0abe2aff7662ef94f::7793bbffd8b8aa6746accfc6e7e9718d6be7d397::a7a115b7f72506d3f1c363533209feea0aa3fec0::df58e9c8a616c20f9b27ee3c0aeb5e17ae968052::74e4548117c7e26715d2b14dd3768b1043801aca::74c29741799d1c87c2f410c10c21cf08ce402069::44529c610a2abb80f1ed2489dcc40a893bf01296::eb0d7610831a67151f14e1d61c53fb40ddedaf33::8d8ea7a397d25280ef71ad453bb9ad9adf38acab::13adc7e7996b090f2be625abda1b7cdf356edb24::c2cb50dc3027b379960f20c7d1e654eae3915f52::93c2d2fde43e97206ee760b25a1993e8c72d92b3::d6bf8df2e1e2e5b664c3de123f85cf6c99889532::b2487566934c4749d21e7f9d34c44cd925b94f07::27541c90120da12257a38480e647fac36e52427d::f91f8ad896d53c85fd2765f0225163ec886c53f5::bc080c3ddf6253c3cef3418d7da86b5bd5d8bbe3::e715898731966f469374a76f2a05b7b878e9080b::bd08804436bd7d4999a1391f314f54242516c200::3f12a40780cca531ae9f43f7c7fa4a8033ea3285::5f6a16180c656e2eb0297516cad5b07f4b5e0882::83cb5f80d65595eed23fec7f44078be2a856e8ee::b17e39c454321671180f2c4f35994c77d96c6058::435b87b826280b6135a5d7066a66148ff6a59b23::348d6d803cbfa39ccdf0450db4cf98de091f9ad4::f9f91f0b487a866a9b4b9c46bae3d90fdb91a5c6::4adf1adf0e89560f3202b81dd6bdebff3e4fe92f::58b693588403a576334460f13612efd94d0c7e64::4c5ee5308dcfe38bd7e9ad2e5bd4636f652875d9::8732c13f74bcfac1f12e7f4e676d50dadb5f81da::2cebb20886d43225817df0f63a3b517280feaf89::a60fbcf5b8b0b84a6b66240a8c8d55bd7fbafb80::76bbf91fb1e606bbd6ee3c2abb03c6d123b1f46c::66c24879c977af2b009687f6bcffc205158f5a3f::8aa825ed88828a99d40fdb68eb2f930981cd8a6b::417341683a6d45715105b2b65b141d080afcefe7::e41cbde95c02323b7e173aeb887ca4f2780c51a9::3d6b1206dc3687b56c315da5cdda2d7568125215::7be4834690ed7a6a86d23f33c0bc46e3cae66ebe::42d95461618f1774fef13ecdb2d58bdd0bfedc7e::d36fed2bdf7c53594cfcd71d32aeef112a7f807f::cab4db3c90abc453d0b8f31092ceda5f5a57f82f::d140d5e4196e70d60e39d7d05ab8dfc114ca1a32::20ad32d9e372fb6a3bc0549123daa68c1ea837fb::c4dba440985e238f06c74ef3b1721d001358c182::438661ecec5c681d0c24ffbe78e97e1f6549b7d2::c19bd95399b4270e8e7eec80c2e19998498e0014::ea288c7680ab4551e5a8c25f8ee515fe151d5559::4f4d0863cca2ea7233aa871484be0763d32f0b33::04e79487d44c77a5ba9da6918f189c2bab94a2b8::b95df40fc5f13359bddd5dc6f857ecdd04b0dcf1::51c8b023d9054476126dff5ac485acf7a365a173::378c81aa4d67f7e3f924478ea0275b43796337cf::005986dee55266d36fb2fda905c802e1a253db44::fdf2dc2ed1e090e576f9b8e8e91f77788a7f400c::5b22c37602f13fe2683cccd8d11ef14c7d99f972::ae5f8865556f95b5699d573fee8b270d28d7ac51::6952c6c81d2abd0201b140bbce2f31b4efe604ca::394f47222b225912c3b7b12d5f1b54590ac3744b::c6c7a1242630aba93ade27415b87a9e94fef7ced::fed272836f7bb3360fbe17535756ebc2c20a7c69::2497b173bf1aa8cee39cacba07fbbf006110f298::2a0e6eb190f879f2c3c4f7de7f1f97988ec952a5::2c245f24d59b25f94be71f6f0787afa9cccd436a::98fc4c18e2888747df10db5151bcb6b58ccc0e0a::b32e3005df6490f102ee22008fac67f03d72177c::8612c81dfec001c5b88b13d7a5c7ccc9038f41f7::c607518d98ef9390a4a6b0da3f44e161c13cf2ee::8c2b410e36cf95a918e8fad9f63e6cd0d67f8abe::11f8e3c20068b3e62482f6b3cdd0214915767636::27319b271ff1d41856c314235b3509c0b839a345::0bba212b91b1dd53280eef050dcc648f67b5f17c::c389aef32be427fd2d0ff0bef114f01e6256a507::aac9acd3956a627cc2814d95c7dcc2c5b97e8268::f7d76d60cfb23e10ab61cf75d7a91ce4146f957c::0c2008ddf32566c525df26cb94d60be32acc10da::51fb3751a8564a32457555dbef70a6dc6fab9d65::353cefa1fdffb1cddc623483108ecd54ecb6fefa::92a4a535f409f9ac54504543e0e0c38d67226f7e::4ca3d94488e902a47e507507db678ebbe9440142::de8fc893ad1575c0a1e0047d3f84ad18918a6d31::4ddbb244a54321bcfa6053965c1aee01bc487af9::f246599041343c02cc98341dd85122c8da85d33c::24887be9fb7d7d97b3c9db52882075a6d8452f45::7bfe8e45d089fa6ffe74d7f96f9d31d502e1ee90::8820d69fa21e2f38b90119eb1203d11e0266f988::4ed1a16351e12e1f3b892864d72ee15599e6dd4e::669ad21b86b4e4d8868e43624b6124220149d8dc::e4861a3fe9e972a85cd7bd431ab886d19168a15f::7cb3162c2a10238468e0b49153a6cf0c348989e1::1f41375259c3b40b4c9f38d693234610cfdd19f2::9f31c3eca338035fc42ff3eb62ad8602d747143c::5cb18429c770d734bf4452c40f0ce1cf70719210::66fad95a15f55620e9d11b5f4566e9543da30d44::9808404926bcc28411e0d97fce656127492bc2b4::7dd33bdb5a7b800d4385bb10784191caf0f908fa::4ea742ceb7c6c2e4d7d31de1fc317c687a100801::c31df4af1594f11b732d97bf2e2e15ca390982d2::49ae472842dc8ebdba42aa837b977466045bbb75::c8a2668fa52fa0cd2b4995d55fd8d367dd142fa3::dfecc198e88a759105dd5b72564cdbcd7c0ac566::8b3c46906a38aca05f3aa80730840db1159b0729::0fad1b84a10db9e6737d0197a0341e9bb6cba9da::91f3f24bc6fdbe56f338c16c538673a2fd5eab49::5f7420575050bea1a8946c6c793a6910c9c8c1c1::8b688fcbe16f89b2bf2229e2d321b267bc1fcba8::d2acf9c2620e2caf636022fc759844d5c46cb455::320a266a4d12715444967500fa6373fd53ad0762::816e3d4132f88bbddc40e8ece0cef4e9546d7a8a::624e96be4b7d5182bfbc7a2ce2fec1beb3eba102::0e1996d9d5fe4503d6a78161d4120ef72ca04f32::6f07d3032111b7d25ccf60c4dd2601fc0d87028b::8aa6f1de12f3d46a9160bdaede2cb46cc0082460::54f3acf363ea09c286fb729fb6ea985ac39a190d::45d892803221cd74bf6fab9d06956688659c9e53::3baae1a40569fbca3a2149c7c3982fe03c58caef::ebc91f39b9cd0c7e9eb67e28808cc3b20cb3bce9::c70429f033694bb0f27c812bc7477d2af2f8ce09::2b90dc73f02ca24be9cb11c570a40fce4c22216d::25d98a12649f02fb74f5565d39154d66bcc3b3d9::89777400c410bff8ef48b964898abdb6ad5e4e12::25af60b7c4af969f8ea14a311a643d25a7ef48a9::623ba47dcdde465bcada05fb4fe96298921a583e::b5b413c5231afa219ad700ab6bca57b08da40181::f758e1cd6b063303c1ec8282d3e7c270a31ea4c0::0b97efe021d38aee0252068fd28e6eba6408d3da::cf8cb825fe33a082342db300186600055d8344c1::fb2a14f9b8173eed62a30ed6e703c2d60661cd62::5071df287537a44677a4dba21da74011873471cf::d3f77a41be3659abb97f29a2717da3b7b4e6c88a::1ca1cf6957e57c172daa8e26463b9a46b65f1172::b7df35fa9fdf6db6caf400c7116e631a56182629::4e29515003b199ab4026d56693fadc0ad9efb592::f8a27af85b9decbce29aae1aea76f74792370878::5d522aff3f8e1cbca621cffbaa0acdc3927fc654::f4344b320741d028d12c46a788b4e12f54d95547::0c3066f79aa0f3c45c48a9d8bfac337a9535ddcc::a2930ca9fba89364e14c5f0722276b5ec29b7e68::9a50b02ca6ce5fcca7f1b7975bd22d605ad84dc0::8245e8cca25a1686423a2ad8bebf8b25b521fca5::59e52407b71619ef6bad455cfaded4fce57d187b::da9b6a751236b3504ef3696d7106bb6fb6295b8f::a0abd7198a694ae4405287da8ba14517b9537392::7dc4175d506628ddfa63a391e8f3b62f60d0090f::deb4694a73170534bc49019b506cad0ef075c5c5::76055aa06084548a59716dedb38084e4ae3eb5dc::db16b53b9d0d7f7c142799f417fb90e1d3d8fe75::9d93facd8f366eeee4df9ccfead7bf86bbfa2221::4c7752355d09166b1d03750f159c6327769763ef::25eeba3569790678d183ebacbb6c379bc250ca2f::b14e227e6f52ad01ccdb259c22930ba5061d2a67::87ba6344126befe0b68a37ee2676c6ec636282c1::090b9ecc04932298ae311924a936a3aa8002e99a::285e13b593b8fe13b8e3c7357540dd9325667c73::09a9802e3a0ea094ea9c3584be560f73454c2b4c::ce52f50ba9f0da2ee1bb3d61867391256cb8b9e7::551aed7f4e8dfaf3cb01936056810423dcd00a12::df02c8f4be47316c4b7092a95a3c606ccfdf7e28::2dab08504c4828119bf55ad69653477ab8085bd1::dc7d628f5194cae47228a31dfe11ec7bb38c7b46::61180892c2f71f5e7eb2956c0e226cd03dda48f1::ca3b5e28004ab117aff9a6078a1b3c3997ca4c7b::5f2eb21610b54c27395266f29b5ebea98ff7af93::bbc915437e026fc415c20fa06136044b257ce919::222dd70ab5da0a090b50533b2cac7e92bf723edc::694f8444ce3bd67e4fb0e2deb40a8d36f82dfd60::4883080c7ba72351158db0bae8634cb65dd750f3::8442db4f5bbec580d41df4d27fbd43fb412a233d::986a16d3f803a92781cdfbb3bc64eb52ba90e38f::ed669204346343b00786b3df4b503b3e5edaf05d::5f9fdfce5b0de2306bd1591005c1ad1339aae2fb::3e26042666f48bb7e51b4294183b7022320fdd66::
https://api.github.com/repos/apache/phoenix,279,4.x-HBase-0.98::4.x-HBase-0.98,0,closed,,,6191256,10,1,588,89,7,0,275fba0e4b03d4f75e57ac14e22ae9e980833037::
