https://api.github.com/repos/python/miss-islington,659,gh-app::main,0,merged,,Mariatta,5844587,974,3,43,13,4,0,3f155c95fe89b618c7eb0321b3be9934a24231b8::bf9fc0d0147b8186b189c946b454590232d54c25::34186a6603ddf5fc8118b87f85afad0557a6d071::
https://api.github.com/repos/python/miss-islington,647,dedent::main,0,merged,,Hugo van Kemenade,1324225,627,2,26,26,2,0,e2511d0484fe6889e059eb23f9a785d4368f789a::42edb8b2ddead69c30a092c0eb4b99da1268043f::
https://api.github.com/repos/python/miss-islington,590,update-ci-py-versions::main,1,merged,enhancement::,Ezio Melotti,25624924,146,11,5,1,2,1,396f9d4519da760e784ea346605b0cf839f79621::c01dfc52e36b3b2f0fcfe093956eaaf2b6a272e9::8a0668903329f6333c650be2f070f78821b6928d::cef5bc0ff1db5d14468f6ead8bccb53a1d805909::49e1f6f757c7071df9065e112d877b7cf9a97b6b::516d8f055a3b67a4aff6b2b7fc701b34bf00aac5::e11afbe79489bd3aca6831b5265f4053914f4767::5c266107dbbb4fab93da12767d40782ddda7e1f5::7c5767c2fca4d13df496438a03e17113d5761380::b2d99a3d50e768d1e84f43c92027259b2402cd08::995f937a7730e5312878a1f7f8cb79ca352a9b28::
https://api.github.com/repos/python/miss-islington,585,JelleZijlstra-patch-1::main,1,merged,,Jelle Zijlstra,906600,635,3,2,1,1,0,632dfd29df79d57400f6d5abb19ac548e4c503ad::4a7fedd2bfb3520abb2187acf686fe4a8cd7e1e7::8fef03b335b8051814c7d4c0df218f553dac630b::
https://api.github.com/repos/python/miss-islington,583,disable-comments-in-check-run::main,1,merged,,Łukasz Langa,55281,1995,4,15,12,3,0,719cf1c2f474eed2c57c3b81afa73f1a45f2dbdf::aeb02eae22d7333104dc7b5544bc33ecce843c43::8f88dcb2d2582aa55eb159604982cb65dcd3804c::cce2f8f0eae4955f8d4adbe34195602feef49a0a::
https://api.github.com/repos/python/miss-islington,543,fix-automerge::main,1,merged,,Mariatta,5844587,974,8,58,77,11,0,ebd0db685ba22cf33b5204a17798f919eba1d65d::df4020477892df5712722f6d5ff803884e28dfb5::6993757cc26e140215572352c90d3d81d9070f38::0ed7563be05ccf96eb57218e64d81463475f4fa1::aa74e48a683e2db5e3ea33ac02d2b5a11a0d5cb1::6494aeba46a18add5cb72be3e090ab8e07056d9c::fc7dc2f36762038f41257e09bd07b93b73de9ba6::b3148956fe665c50ebe0b7bac66052121d5c154e::
https://api.github.com/repos/python/miss-islington,481,patch-2::main,0,merged,CLA signed::,Jakub Kuczys,6032823,85,7,78,10,2,0,11b961a14a4d511e16eb1c6f48f2dedbb28f1460::04c8af3fd0d51165e10607c73fd4631e733def3f::c65dd40b2abac6ee26888563a4f73e73001fef4c::fea2d9befb1f850bae417722f9321b6972ef4b30::ba2b788c9e409d6dcba779afb112fc8a07e2fed7::c887f6d202aeda3ab48eba307bb99b5e6d37a845::bb7cbbb9459cf055baa5a1b0a678790385e04155::
https://api.github.com/repos/python/miss-islington,480,patch-1::main,0,closed,CLA signed::,Jakub Kuczys,6032823,85,2,19,7,1,0,aeb786823a6992f6bda22c113a8bace1da744e9a::35eaa56be697188744f0d512580a43842093158c::
https://api.github.com/repos/python/miss-islington,453,test_3_10_branch::main,1,merged,CLA signed::,Mariatta,5844587,974,2,7,3,1,0,245d25540d6f6e6ca6e4e60da954f2ba5ba63e73::471700570223982e9177bcf80e6247fc06e8e84a::
https://api.github.com/repos/python/miss-islington,354,patch-1::master,0,merged,CLA not signed::,,53895123,13,3,2,2,1,0,50cb91d8df9cb6c838dd142ebace2731b1bc1d5b::95a8b9ccd66d7adfdfc2c3ab2e0b7c646ea408e6::841533df4d5f074430e252357b32d3e711d239a5::
https://api.github.com/repos/python/miss-islington,262,maxking-patch-1::master,1,merged,CLA signed::,Abhilash Raj,667349,104,3,9,1,1,0,1c0ad3c3812033364960e9ff1452e1d00cef88d2::1b974fd4dcf0301d45d89e59ddb5c0c90a97b9e1::caa946bc4418d305db1f9b9fcfa9d9e5b1ede6c7::
https://api.github.com/repos/python/miss-islington,237,no-sleep::master,1,merged,CLA signed::,Mariatta,5844587,974,4,6,30,2,0,ff2e24ed7c4c0c41c069256a6d3561bda091219b::c94f806afe15e927dea87f5f1386a5a02b00ad9c::11173419c3887696e3f86c661ca9650c0250d705::ebcc01abe9eb8f83487b01329ab68e86547d5496::
https://api.github.com/repos/python/miss-islington,234,catch-kombu::master,1,merged,CLA signed::,Mariatta,5844587,974,1,40,4,2,0,f23b38c3d3e559dafb6a13702393b5160b1bd589::
https://api.github.com/repos/python/miss-islington,229,issue-228::master,1,merged,CLA signed::,Mariatta,5844587,974,3,89,14,2,0,8ee53924ffdae1b26ec3ae39d7d0954cb8795530::779f21e2a35bf2b48e01a395c7df546dfa75e462::2d2bcd5ee3a66836758eff0a1ec8e7d971e7edcc::
https://api.github.com/repos/python/miss-islington,176,Mariatta-patch-1::master,1,closed,CLA signed::,Mariatta,5844587,974,5,4,3,2,0,d67636963925ff5a80cbc4272615a5d31d424de1::43ac06c04b6c3df4acde45edaf38baf193fa33ee::6c81a4f560e41e99185992b3c38f88de4b0d2cb9::71ff1cddea0e606b81fdcc870d8212c1dbd71b90::3ccc1fed1531e7420f201e401351ac6eab3f9da4::
https://api.github.com/repos/python/miss-islington,146,automerge-master-branch::master,0,merged,CLA signed::,Mariatta,5844587,974,6,499,53,5,0,d393b202c105f15fd7fd389b9058894c256340b0::15517bd070ebc58fb4059a581937c7bf1a94ebbc::87e25bc4f73b6558dcdeff34303a8dea9c8900be::a7068b77c04e7cad8f43aafd00ffa1add07066f5::09ab338fe18c231a0d47400f7fe680a2678c1e05::9d6e3e6cdbf0667c12c02309e7ef02869d55022e::
https://api.github.com/repos/python/miss-islington,112,issue-62::master,1,merged,CLA signed::,Mariatta,5844587,974,6,230,117,5,0,d3d534fe4eca01d8390e328908639cb3e62f6a15::7e0e8bd2db7054e8d086fdada1edff65cb61128d::0ddbb84fbe4cd1975e9b8d7d30524d8115ab48f5::db2674de94441c63bf3935a8f4ec4100fd09c529::6ca784560505d828712b3d152f72edc0dc2b9ef9::7cdc3022604647154a7255a65064452ceef1d355::
https://api.github.com/repos/python/miss-islington,106,issue-105-initialize-black::master,1,merged,CLA signed::,Miss Islington (bot),31488909,73,1,824,943,10,0,feae8bb3bcc00802130113308821f1b09114f2ea::
https://api.github.com/repos/python/miss-islington,61,more-tests::master,0,merged,,Mariatta,5844587,974,3,254,2,2,0,f40b34180889320d79f8316b327d4156af30f90e::cef0dd1abfd94cb064c360f9f93c58e642255273::15f6365ebf23ef83155fc506acc298949d68a24d::
https://api.github.com/repos/python/miss-islington,58,Mariatta-patch-1::master,1,merged,,Mariatta,5844587,974,1,7,1,1,0,32c7d8938f4b6ded6cc69e55a0709bbd4801db51::
https://api.github.com/repos/python/miss-islington,56,issue-53::master,0,merged,,Mariatta,5844587,974,1,3,1,2,0,81aa5c36641c9c58df47acd5265a8513390ca784::
https://api.github.com/repos/python/miss-islington,40,update-cherry-picker::master,0,merged,,Mariatta,5844587,974,1,1,1,1,0,9ff1b481c3d949e9ad259bd0a886d7ad46c659f6::
https://api.github.com/repos/python/miss-islington,36,issue-53::master,0,merged,,Mariatta,5844587,974,1,5,2,1,0,22956c4449643d63e072da92765f24319b525644::
https://api.github.com/repos/python/miss-islington,30,issue-29::master,1,merged,,Mariatta,5844587,974,1,15,3,1,0,9b589bba5e7ef978b12304f7b808fcc55fa895a4::
https://api.github.com/repos/python/miss-islington,27,status-change-event::master,0,merged,,Mariatta,5844587,974,9,89,6,5,0,c95877037e4c0fdeef53130c11c8d3354ed438a4::c268165e44456e67d9d02f6c4f60e23699663514::57a0b47ab3f6138104aee45319b8a6eefcd65563::f02af2b64c8d36c595e4c4892db3f7cfbd94a87a::537f898645a1f6e96bf106874e747f712babc8a0::c1d517e5656ebf7f15726358af4fd6106b67fbdc::af398efe7207f68d4b4dc25a357857430171ecad::d73794668e528e7dbbd2c80759be3c1d4690bf81::7fd9f55499125821e0ee80156b756a5e4db48c36::
https://api.github.com/repos/python/miss-islington,14,fix-error-message::master,0,merged,,Mariatta,5844587,974,2,3,3,1,0,160206b06616e9dd583cf756bcc5f5d48bcf1bc8::8a627e5234edba567dcfacabb2eb136e12aeed24::
https://api.github.com/repos/python/miss-islington,10,trigger-on-label-change::master,0,merged,,Mariatta,5844587,974,1,1,0,1,0,6f5329124ce0d9604ed1e8aa4bfc7c21c0bb6774::
https://api.github.com/repos/python/miss-islington,2,check-for-labels::master,0,merged,,Mariatta,5844587,974,1,16,13,1,0,5a6c6e051ef08ec8e7c59632c22c1b99317754dc::
https://api.github.com/repos/python/miss-islington,1,initial-commit::master,0,merged,,Mariatta,5844587,974,6,378,0,8,0,7bfb15f9f572212d09051a0fd3bd71013d211391::0cbfd4ecf6c45318d749ddeb85a8ad564b05ee24::2326b5a7e631a1fb45e272e80900768a41467262::2ff6c411bc2d1a1b3c68aef51e3f6e69d61430ba::c397c0b1938158d85f07c66cb0026a2013507b13::a5cb5e0e998d57473fc33609455c2ce061b75f79::
