https://api.github.com/repos/apache/solr,1898,SOLR-15367-rid-deprecation::main,0,merged,,Alex D,61026,24,6,55,7,7,0,acaef21ba394c1c50f07bca872b0ab8baac0c601::f5483a0212314b1949c6fb8b57b9fba82ce38723::d49cf569aa63c7247e47557eba4197ee81af9d1f::26a5f5f05ef4c3753c273e0fa5ea1a35333470c0::f61888bd8bfc4e81c49a459734f3898f313d7390::fa0080c201dea4a16a041482fdf7fa40e5c54b19::
https://api.github.com/repos/apache/solr,1889,solr16897-backport-9x::branch_9x,0,merged,,Jan Høydahl,409128,46,2,255,4,11,0,2cf7e9ec7fdf92d56a83c490e48ac39ee3e88605::47c68236cd7a1c8c7c0b19c44eee718965b16f0e::
https://api.github.com/repos/apache/solr,1823,SOLR-6994-backport::branch_9x,0,closed,,Eric Pugh,22395,71,1360,539733,422155,7292,0,1fe2e3ed799728fc696d891f9a351dd064a3b5da::4c3e70affbb825aeb236912abe0c0183e380d249::4a47748342ec9dc20c864079aababf51c6b01c83::684acf1c64c3f27fc8d2db11866afa28fdc78934::e7011b35334f25790cf14b04b72f0258a0e0c382::7d13e83111911e3c92a66e8eee8d8775eafecc62::8b8f9f6726296749551a6edfffe7aa2ccae7dc0e::5a729895856c2cf96010d5f96f966684a32c1b4f::744719418908a0fc1728c9d3f4433a58d00c0c29::748d0d1edf8ee52ab7dd819e31adc1c709a187e4::a5f8cd6fbcad594382abe991259da3883f41f7c3::5cee99678fba02a8d9bba5a76d064c7a71a7e302::fe4f669a3a193b91533a3f8aa1650b10da0a0b3f::bb9fe5c8b6194ae859fb38a63fee49951b49b485::ddb312d7c7d5814131b1f7d17da8fe8c30b38883::6ef1f55660ce83a2ef673d917fd6898ca7b9a9ef::5fdc7f395612a600b166bf0d1b7a6b79528f495f::d7de25fae19c87316cae7ecc6fab3fe5ccd292ee::d9eba437064f20eb5a9b0edeaa050c2874578c66::87d9dff0cbf6abca85fb65dd2875774bb623a4bf::3d02801a565c1083ad899c1cb4b7bcb21754fe04::c937bc2e5f40ce93102b65e71360f5b9a6907270::a453614a476ae65486a1a80f7cae297227f7fd16::c0cf2f3d920e7b57711a023194afd82221952d93::2ac7ed29563a33d9f9a31737996a1d4cfb0fca0d::27f69db8827de39d40be39f1e397841b874e1570::01bc0f41168b7db5508f785ce7a3e0968c969836::0af3889c47cd38ce18554e4967745fd2ac352ffe::a34eba3a76061900860bc9f9e78c8bc788ef15d6::67be5d0b01bd653f7315b93af728d2259bc9daf2::6229636bac7d96629c32261c3e072455e45be324::797ec312b5b1450b2c7073eb29253f092f6ae438::e132821e4c3ec96dc919e8224910750c72127868::b4b28e52d767873512dcb9125abd9ad6a6839596::4cee026d6f81e58d045319a973612fc5a886074e::5add6bb945cca82ff33b6007ac2307dd00e9a113::f7217a1a26ad2f7e4a00239023a086b9c83d4601::993af9a3fe2f9089575f20d177a55cf62058dca8::8638b8a1134521c1ec36456211f148f4cdb083d9::89adb071aa6a9ba7785b9bf621290c8fe97e8d1e::501f69e72332cfbce98716be73b3913f1dcf645a::de5d9c3f5a94e03b52622b946ef36a02934053cf::a7dcf1ad640a5308c7b9da6f33f641c9a42ed07a::8a0bf24357ce3f083e9fdf4c66ae7ebf08beacee::b2f7f4ddb48c7086ad639e5b263d17fd4335ec19::346e1b92f27de79db69518ed957da0ec7cc6dbb8::1b06505c0f956ba6d112acec461c5946446dbdad::c23a388759e42d3b0595882f71b664bdcc7e348f::69800fd884181e0045ffb9a4967b78642adee6e0::e159ed37cad533df2a9580fe249481476b29ffc1::cac8131fb668e261a7fa5a4a7497164366d1fa33::b827f119314c42107d7da010b84aa1b838fe8468::55ebf03f2d0b6c5116cabfab3302ba62382e484e::a1a33bd0c240fd5d36655f265c659141e206d045::94d41851542f6072fa7058be579750896435500f::c54baa792761c0d7256840441d4a2ffbfde35b1f::1d8781d61746d0b9c6dbf3cc2b5c9ecd4f90537b::58bccab7d59a513b2ca036f15144e68800f816a0::b42a0a73a84a58ec75a489973b24d7fba1208a29::0bb5129a7d868ecd0240d8346d60c1f23bd768ac::1a2ab763ec8a564f352344fdf6eeb9871f414b7f::015f8a22449aab1cca6ef2e963fbe172c59d5e44::2d9defd2ebe6e7b5678213e8188840f9e7a33fa0::17437d1e5bd6b52e418f3bb5dbb6d581794ef73c::a557776ba196d5adb7cd689a6ceffa9084440407::c19aa95f04cc5b3254a62af157e95198b9d51a18::bf9ca1044b2eec234038c2c27ec7996d589bb8c8::44cb2b4436edd23acb31a0e862901ae567b0186c::c8edffc49a7f0cae1a4975153034832de8307abe::538145f5567ddc04079f9cf51dacf1ffc09f0162::684d693bfd67de3800bdf71b9853f21fa9702ad7::c2d5a323635ffd2f3926f72acc1f094549b113d0::68dd1fe413f7338e5ff26aa565854aa99da6c186::a59c7878bde0833450b495e0f265f6ba4af7c0f5::bd1dabdf062e3dd9042bd21b80c30c5a2a54a3ad::e89ab86e611e49338dd827e9adcc4e5218870110::4ff4a311d590f2619a321e2d537b1a406599ac7d::c1b603bf62e0f886b19f2204b16d0626bbf55c4c::4ef8df9c60364c70b75a7d0f04128a618092903d::0bb6f61b52d93906fa71393822aecae231186c1b::0788fb488b78a31347738bbc481041f115f673f0::1c50f16abee6a784d96c91149ef89235e3d0ffb5::f29b7cd1efdb2244b039d8c9e695804aec9fc3f0::d9ddba3ac51ece953d762c796f62730e27629966::810783d812e53aa6a382e082a0953eb1ca2bfa28::ad4875d9bb204c0e98b5178bca804cba897929c2::a3bba065fd6aa8e7ce907c42e2f8e1bf73fe1c6b::9df8063080508bbbd427f1b08ca1439320fbc965::a93a25b94fb6520da040b1d3ef0ccd2d1534ce78::ffedc5bb680e26e48f04899aff4ff3ced7e7c143::3d8a2bd9cb5cafae427b80afb0547b4ce9a30d4a::3c8c9fc5218b4811d65f4e74b8b3d044bd9b6add::87627ce0c36228432f4436e7d85f73ef042a9d0b::7a31a1e23f6034c14639d7a208c5aaec64608cfd::6ac032dc665e1ec083942f63386ad02461e24eec::67afcc228de5efe27f8a60ece5d5d2862eeeeb24::7a087571d9bd46323694caa3dca99e89a5674afb::f9f5b59e0424ec3ef53ef314a0e165b5a4525590::38ac683f4d9779109589cea3d3d63939dd5b6b1f::be68ec9404c160c8e5369ffb930193defcf7a02b::67e177155877ae6b54a2075d8908ffed83ff4cce::e8ac46eb782ed492b34be4c02cbdf553bfb92963::91c93f750c2c7330e1a888bc94bb7e0573cce594::75d3b060715616d835bb50717b47cbb27bd1c289::4adf5ac5155082e2c64d51fbfa6a01f1a1390858::753b2590b4894cfd798c2d2adc9b194df26db229::0a6a114319cbc2fcda1e36bbcb157e1841555884::35fc4bdc48171d9a64251c54a1e76deb558cf9d8::1016e8b68099b7e3f873927933dfb3f6b8b5ebf3::ac07921b42efa20bc7f59c636076b430e0b4d460::29fa8d2a0150ddbdf7c965269d9d69a1b2763a99::7a55ce3852f0d58e02eb5f532b2a8c693d65ff4f::5b9cfe145b8df160ae3b940bf07b2613225a0462::8c83faadfa37eaee318b583c03ec92e72659c235::00a5cb546b6b0cab8e21c2cdc69fe53809f58a95::f6de83655eb2bd34a3d99c21fc7d5bee82a83276::358d01d3354e2489d8399f800b2cc1a6d156ae50::93739ea06440a317d00031d36537284722186534::9ad6c679606f7bd9a510afb74b7be21acafee5fe::9f39d42469495e00b90ee949b906a70aa8354dcb::84edb7bb4579ce5caec742b7bf3c8d8ebfef035d::3f734ab8a5200af4cb8a7d104b1329b81e83c8b9::95a1046d123b688b1c21dd932b352d97925495fc::f3b0386f724ff69f4dcee2c6273aaf4d078d9ea3::b2361c04d45378355f986777cd6f81574aeab2bd::4ef985d2d3a985ddcf33050bdf11ee43f1365ab7::c4a1b6ef2bb055b1b899677d01de704b6ecb620d::66d6a55895fa51074e325d260bbdc14f8beb560a::faf5d3cb48e9652cb31b636783539fb39b263b91::656829eb2cdb379e731951fd8ef4325076a34468::2307ee9feef70c733597be639be522f976d41bbf::f73f6020aa3e9fa506fb1329cdd235428b4cf620::98ca35b7f5aea0e9a78b9ec687cd38135812432b::1c3b89196c221bef65881be4b706b15f8d656d6a::cc516299f40e6eb2328bbbef04ae0a0a38158d91::f70696a96fac878a1b699606d914a69a4516d202::7d71fe506fe6fa33bddb6ccec4dc84106f272c2a::8089e6fc6a9d37299df9a63e5372ec5c235e4f9a::edc2427ae27a7e7e745ebb26f7029d7bbf7d62e9::b12627c74863e6c7ec8c3d9359b7ee620e2522c7::fa15975f1e03d9c15af338fbbb76eacd464560b6::7209eb0c2dba724e3e63ab9ac5180677be39eb04::2b95cfed0aed618ceebd33af083bc3519cd4b890::4362568f5fe00df25c9cd3b0fe010fa6c1802137::2c7e221397a10451da68365ae4358a59a92ad49f::f2e100de40edc2e7cbc19bd993721075df8b3b96::1a7745ee68f52ed5baa846d7593fa4fb3d4391a9::4810efcc11a7f53a494af95dde1323eaa2a81e5c::cedb246ee407d0ca38b72634de6c43de53780011::b95b6fcf8ae8dbc8038c52078dfcf644938212f3::6170534924ffb69fd7b16d7d1e5bd16975e7d584::a353db31dddc3c01c8b6aea947619759e6a9e4a3::6e10c05cb7e2953c07e7d2a7a8e0b18f9ba65938::146593526916ed788ca686e2a4428e79a8a9faee::a6ddb47c9752072096d82a9ce110163e1ed7f16a::05e2e6ac339c5ca7485cfd6855bd8c6aa9b19be6::53d39cb1065f914365ecf860230d6759352f3bae::313df7c491e99b870eab7073c6056d8fe0a5befb::de5d1aaec7d5269ebd60ba8e73f06dc31a98887d::a8b75159da8aaea8b901daf37cffe3eadb903e2b::c9430bb49ad6b3cfdb6804a6060c4e21ceacb488::ba0f3ba9a0625e63298f01f63744ddcc9d6b8746::3e10f8b8901751de78e3c5b93538be133b6336ff::5dc56ac473557d04edcfa7af4a9966135daf94ad::81e54fbf705320d7a9a30469cf4498af96203b34::eb5e1f2292dfb6fd4ac1385331106b25435b95ab::10c638a72fb8e03105f8245951862d84e51fd23e::7ad8fcf355212688fc558893bcbce76b89ef4ec2::f41c9be2b38a77e46b0e258ffe34efae092ca287::02e440011ecdcb88d69840a0768e0cfa4412c133::c3704bedf145b4b23ea30b520021e53a26199271::9d2a8038055951cfd3741e25009c7209eb28cb9c::3b22f62b0df8e407955d5de10a309f5d84e1ef96::ddd5eec5d3eb64cfb4fadecc6cb30b9ad862fead::2053476dad9989f16df51c28c37701d80ef5de1f::eed71f154dd8e1ff485370d47afb9985c0f68816::d8dd3a67bb59fcb14c32370d3d3a27e4a678f89b::69871072e03c568b84a76e7b8bd1a0a94ac2e686::175fb87d94c4d5bde5d63fc630f8ace1a9548ea5::68469dd4a71d2442a59a193496baa5669e363a39::75810c953e847d4f5552c5485a0613f3753cbcee::b191650b4ae93ef90facb540df0b5808a034bb98::e96309a6dcb952c3c1e047d04d623f43242f87af::c8ee862b7a8c39b3ee9f43fbdcee80799d56f3df::ce4b59eca561af89dc6e3ca79c2b81c83f12b006::a844cbbad68a9816e8ca86be4eafe11e96c4415e::b104f9174b8b4097e367b7a74027e0cd75b6c42c::244a29b39e354a2dabe4a5ad70c5bc148c6f8555::1a06b3a455cb3588e8357a9ddd23c96de6ab4e9e::541380cdf528e7083f42776527345635b4a45160::f774922ecf44b18b78435cef8735618bb793ac30::1bdaf44676c29931b1749e8275732c6987fccd4f::5a41ff0c94e0b3c584fe0bbc539b937519a1e5b5::9efb3681a5a59640c8a900304a1a6a169e9d8f64::98c198810f2cd934d23d0d80aadb570a2bbb3b8e::171716e7e8716db548e5d928de9fbd4ec3dc26f3::6094fb2cb0bb008bc015531d22f3ec17aadeaf21::b3883ad19c5413a968d5fbe6e45e605a84c3046c::b90cf5dbe24b0dd1853541666e965c112bd5dffb::6ad2967f82cb03d359927eb9ff97e63ce7f30aed::8784f70f6755ef348b5db1ed78d7bfe3f090826a::fb2a06bf363677e25b971d1cc1ee6c2ebcddaabf::2392fa5e324f2ed6af0448013e0e3d3465b442b1::53c2cd274d6cf29beb85bfd782678c3e8b327049::fb6e879a07803f5237908f264a4d1570e3bce8d6::fb3ff24bf79505b8c82222d5c2e419b04dbc81fa::a4bf8bb3d30ea627cdebcc9bf8fbd11e8851d200::1212bdf0208a5bc9afc3f2f7a1200a8112891880::7b653dd843d7c926c4826880d9d388a0b348db1c::fc852b34e909957f887d988551524a739136561f::19a02650ab76b70f6437f2e05097ac400a974e69::0f312725e6d5f74d3d259cd1c778b5149701fdde::583fdf0cc7438cd3a50e4d0aa865281ff209c5c6::4336add0daf15d9621ac6bda36f0881effe2fa7d::d713595bb70bb654c9e9f0cb13f9e40890d4891b::5b38cf5c97ccb28dfcda04246bdd8a0b54c80dd1::6350eb53955639da1d1da60cf77d0ef440d9094d::8c3b093601c8a42a7d8170a054d34e2dabe09219::e1f8a6ac75e56d5bfbc5493d99b94ee60f4113d4::5b801cb27b5e417211d765d6788984f01d6062b0::fa024e8cbcde73aba91c34b7aa47bbed795d8b79::35d352522df046aab9035d60806ababffa0f00e8::c4fb1010285ddf4034976d003f8c713213ced032::a498003b827d1d5ec495452f48f7cdad2b850c01::272ef788888e8120fe148525e75b128b4963b49e::0697fde07a2e423106db7e355461a6a471f9fae5::0a2bda206a0bee4668cbdf3e6410202113abe784::4905213d0fd23a285b979e8c33c1860d9a39e77d::952a7be422b1173683c1b70fc407b93b13cfb6f1::d772f112032c4a8648c97d688b792ccb6459a10e::cced49608dc29f8bd0be4942244fdd60d34e9474::381bf1f9b6bdd28599f10bdedb7a8b15656274e5::83cbbc3e97cdee064cef3e917f0b0e9ca28840a9::c76925bf60118195792635be84f3fb804cf39af7::94535340ceffe957d3be016de0a276b7710c7c8c::9cdf0e4c13eefb7fc2ec1771b5a41888f0102568::ee9e37252d71082802a3211fc990701e388aad44::dac2160a1903ef25dfdfb1872435a06d14f407cb::0da53bd4748be15284f938915aa3918d327ddcf4::2df670d198a9b225dd15687287b7b44cbe5e7837::b4edd56d8a8e8ed209dc46a40e9e0fed83d1ff8d::20ea3211ca1ca0c6df0e6a4a3e6f6f0ba66976a9::58f1761b0d16577fbc7afcfc8cb33694478b324b::f896ad9c1fc076f193125409f1d3aac099a526ce::ccc7ca65f12ee604c2194105b1b7c44822ad15ae::142428ddf4464c50d3910d10495e7f63e04822ac::b22016cb9823c48947b85b41747ba38e48e20f34::cb5b64aecf5d882ec7a2599be5d51c2eaf625d35::7703dbcda6338f45667d5e5832640b3141c58642::e018e2729e45e2ee23508d991a041423e2f2304e::
https://api.github.com/repos/apache/solr,1763,branch_9x::branch_9x,0,merged,,Mikhail Khludnev,807522,12,1,963,37,11,0,e4dfb5b20bac6e70984e457514b1da958b4f0a1b::
https://api.github.com/repos/apache/solr,1746,renovate/org.mockito-mockito::main,0,merged,,Solr Bot,125606113,1,1,7,7,8,0,2ac3f7d97abc3968d072f4a176714b95c945f3f3::
https://api.github.com/repos/apache/solr,1668,SOLR-16823::main,0,merged,,Eric Pugh,22395,71,1,1,0,1,0,a65b9826dcd71cfedc6a128f42129a5aa0ae805b::
https://api.github.com/repos/apache/solr,1658,branch_9x::branch_9x,0,merged,,Gus Heck,46900717,0,1,2,0,1,0,7fbbe63a1c1291051df2c234c3da4ce4524cf6f4::
https://api.github.com/repos/apache/solr,1619,fix_SOLR-13605::branch_9x,1,merged,,Eric Pugh,22395,71,2,11,37,2,0,35c48ce2784c269e22b4ffd39a5bc5ea22c6afbc::3bcf82a3cc5a3adb27e010f4ee131075d18845ea::
https://api.github.com/repos/apache/solr,1555,backport-hadoop-9.2::branch_9_2,0,merged,,Jan Høydahl,409128,46,1,18,18,20,0,cfa81d1a124e3a63ffb5b96bfa09433158978497::
https://api.github.com/repos/apache/solr,1554,backport-hsqldb-upgrade::branch_9_2,0,merged,,Jan Høydahl,409128,46,1,3,3,4,0,f8bbffaeb90fb1a6316b6a5a3f37c6c2863069d8::
https://api.github.com/repos/apache/solr,1526,backport-SOLR-16649::branch_9x,0,merged,,Jan Høydahl,409128,46,1,23,4,3,0,8f215b833d500988ca935c66a0ebac518c37f8b3::
https://api.github.com/repos/apache/solr,1307,small_code_improvements_in_FacetComponent::branch_9x,0,closed,,Renato Haeberli,10344132,0,879,528714,382954,7074,0,fd1a3689d8f3ad5993aee03dde985045c5465916::4f30843d72b210b04fb4f6659da7a0055ad3dd0b::49f03a6a74df843d5301d41c72ff60db97f694e1::fabdc8e836264f309c0224ef190abe13bb749641::b50367a3a499c4a3ecdb7550aac2b681b0ad5e54::981e4039e2fd9f7384c340291fef8a434924c7da::efa2a46c7a3929dbad6e5ffee9a6155ca55cee3c::a088a91e9613d8767f3e741832577686bbaf0abf::f0921fb8c6c3e6917aae99a32041e08668d6bb0b::645dd9b132a0927c80296ba1de10c1018538aee5::2d1dc09bd4dab7924e54bb057a5836d39ee8e107::69320ec6293ae7e8917a118f2bdd9e68ddf393ae::76ff487f4a4796de515c9acb6cb5c446bea711b8::658f15faefcc10424487c60bec9f63242ccedc95::b41856842acea0146f2610a3bbfb16a9bcd68fca::ed4b3d6f45a5df5e63e25469d96f71f464b46ac5::422d6fe8a00e3afefdcc26ceab434cce03b4a048::73d695405676d6fe4aa1bb6a69bcbc6ae01edeaf::4dbc60dd4cceba0e1c90d1cf7ea3839e8c8145a0::8dec9cf416ab37e73076337a5a2bfa7e9c5d7aff::dd967c17b2c1e6568d5d6338418aca7dc7c4b853::986824c27db75e44ae23df6354584722726bfb6e::46ff5caefae27e387761673921c7408485b7d4bc::ada5473b8093f2ce2989e06c1a3d71df8978f938::417cca6f60f006923ad86d1462fe431149c1b03c::fc18c6bf06d3c26d9bba0dac19ac811965d3025d::e5a3f6c73ebd056f527ab24f1bfa1d1b6063acb6::38560583110cf7a837ef3de823e4ae0f609d5591::eb49adb6b8dac664e7cece2dda3c1b8b4977a4f3::e82f479056a50f3f2d0474254de7389df6bf3ec6::19b816efc22cc203df336ef7875275fcf784d5e5::cc9a34e3484e0d3a0ee0d605a98a014fea024690::f3b953d8311694cbf0e802ad24da6df2372e0f25::ff494dd12b14e0f5ea40c3011a2da146250f0f4f::babcb9e633d1e36e0c866fef27d5a97bc10cea91::2f6818886e90f8edebf3b71e0a96ccc0c9b6947e::57719fedef7148c311b07c8ac246e98268ab9707::1738098b348a27b3dd5c4f64e12115de20b74b17::acad1b3586f170726ed5e88e99189bef595e65ac::266b0deca0cddd164d84a889a6470202d72adc3b::0afed6cb6a12161fcd4faf620171639a980309ed::c0eebe3210b21feedcb6ced7e7b3a95dc324368b::29e8cebf4b7d0bebe2191449a44d38fea87d6dfb::7994a6e767166f748485aa45a3fd89acc853a7c1::24f181be2c4dd3bd7551df802804604120054f00::c73ae278c19aa7a146b2b588100cb897f1901728::ed0c6408dad4b6ee90e635ccdcae8804e0b5d0ce::a83bbe5c8de5b6d501eaa38317b18be2e1d1b04c::cf7246cf287baab184de57fdaa9caad5537c704b::b01ae1783946b7fee43cd2faace0b721f7f7d29f::2d1a7485f00bd7e116463a09407d98f49348914b::0d89f074bc0052373b80ed18886629bd3c9a0223::1e1ce682fea76b29ef713033fd451349b9119a4c::8f81dcf5908f639e0c31ab1ff13efd18958bdc95::09f9549a8e351fa08da19ee192d4e21f66c3002a::8f4372e9574e4f5a18f01b8a7918e73abc69fec5::9eee466d66265d44532f6ed9eca94c1a6da5d657::360923eaf6c1aaefb08f4f6d3a398aeaaf6bfd70::8c11b3325e2bd377202937bef4f158a05ab9051b::c378b7f28991e8ca669dc062d115b4fecaf12c27::282fb99e1481c2366dbf8446acaad8ba482229fd::6869ec97c7a59cc6acd001eb592b98ea90679fb8::b8ca0ce23e2ebe1b33c85b71fc61ab9cf8411a35::e47f7f0091d043d33a9935ac4233119fd83bf9d1::4b9ea5c04ae218b828c6bc2c8c1a9643586ea9a4::f06cf8df50df2ab937c0fab8957ceb0c5090c4b5::5e01341c320748bf3b86f3299f83fda204918f2f::e2c2ea8a257eca625707ac36007f1967a61dc109::ee66de72ac0469bdc4245a837af6ffcfb70ce7f2::9a9ab920ebe22148947b700e6c74030e577271a6::c5a8cd5ee7a6b9396051248f781c9d1207c23654::9c653b236743ec66ec94955ddb259e146f55dde0::e4bdc9abde9509da3a012d8a7e2a68f811def4d6::0106bfadbfb1e9647fd9469ed59bbc42e090113d::e45be355e2b0fde5f5c80265f1baade024e25e48::0312473bc804ee7a903cf98577e733e40246345f::26195c82493422cb9d6d4bdf9d4452046e7b3f67::dbb085ac57ffc9c4a754b78327491a4116be54f9::81f78b71c9b4f0bc9787e91dd0478bb6280e8c26::11822e9213fdc670129a0e11e8272b2cb8773358::22e2953d2fbd5c2473ad9eddd14f2996aeeb6dbe::2d3aa07b9e3cf761dcc4c655189ac023fbeab826::1ef5544da8f405970b341a88cb3caf863c8f5f13::67034a5a55d1eeaf07508c1505da8be420ae8758::c86128855807042e25c5bd320e6f7729784e8884::54c71bec774602620f71bb3b9a600af5f14f4cd9::db28836ac46372e353e087e171fa0b25875f2320::733df46c47c150db19350e4eba83c737719e74b8::10e96f79770c730349e6798322f43ca7ea3a695b::4e17820276e6e69b7ac1aa1b438210a49f3e4a0e::5125dab476625fadab9c30561621f5b2c67f9bfe::2dc110850a7efc8066f6d6ddd6c7b427b0d35cf4::364cdc87e3935ac5eb603d161fa82cdf968832bb::1c7b58a02f3c8dc8f01224163183045532e0566b::53d90030d0c432a4b1288100ced527615ed71d59::47e2d9e37bbe791dbadc9712727f069567bee180::1ce4d6b329cec3df9fbc4c65ed4e43d1795dc62f::f35e1a3ed2b092b14411b799fd6360c4993bf4a8::2e6c7692981828c7da95de4691dd903dd558a576::6bc3d6860e0d05a70c5449cd80347999b9157d9f::65674eaf2ac78105055655685cefc7ba2069b424::1f37c05b10e6b385d3950bfb3d9d4eaee301aa42::640221a6ada310eae22af28e10a9c6342420898c::ed93594380f3f6debc1970361f15d8738c7f405c::e85297585cb7aef3ec0e2ff33fdf309881422ebe::a6584be995464245aa692e2a5c712aa5449e3799::96ddf2c4c7cd52181ae51e1c966eb3e3bfef5c02::c8ba7b3f7b1946cdd74a0f77b121010980debdc7::768322824794048ea8cf074700535e09c9a2e7f5::407be4ca7ec406b5a1370ff8ebd1fbfa7673e172::5606d9b7f7a3233247833cde5d96e816af5751a5::9fce4b55dd8097d6c75b7833d606c8af9e8f1c9e::7429fcae45a7696b64334892407f00ad039f813d::f7b5f6c725bec8b70d41a145ef2a0b954f75931c::c37713fced652d78e3082c787ff3a0b047fc8447::29dbb3ec178b2d0dc436aea4ed7be9ef75bfc818::8736c991bb6b80c11de06fbcb499ce8dbe2a7cb2::5d91617d51d1c2bfaf96890d27a45328ec9eaa4e::0cfef740617cc40585e3121e0b41e5cc8002471f::6c4e6a3d6e5821694059ac7f050ad145206eb6b6::322fa0d4df3519c75be1e73ac41eb01732c0e2dc::7f3711553e28a570a42463969795484c58674ffe::bd11f3a8c31de82ff743eb5c8b3ba40d4f75b83f::3b15605f5532b9f933f9a50296f7f4dba39fa08d::f4d8e6ebc0ab9bed49f633d4a823f8baa9f44cc0::30bf94db62fd92354a9c9437eacf884f8fc862d9::a8719ba1292122b4c97d18714f9475a9e3c323d8::1eef75edf2f10189f69014fdb6faaa6fff63788c::9245cc2750f87b255f9389755dcfd80d0f2220e8::87d53b4fd62907cd22eb0f5ccdc628520af52ebb::2abb331bcf216903317a5cb627c9badbbc8a78ad::4afda4b29a34a986baa5050245208741a04ae41f::ff68d4627601038d8ea7a88270f7995573d1a3f4::1a6c913a374d695efcd21a432f36cf5a5b249066::e19be90557c56e61d17f35528ea3e3c922bd60e1::90acc20ef22680966e6708f8985f7e110e6a7700::fba08f4361b7072721a8ea6a0c0f2f32f42755c4::071792187dbafadaab0200ff2e03ae9ca19f5fee::53f89fedb3e80299605772d1c9d3de5a13518efe::251136de064e7745b06be3ec3844ed86b68b3deb::a18f5b3c7cf2ce3f4d1cd11288e82ba0f48f7dfd::d9a039729d1ddca6d03304627d2aad21eeb25006::5ebc3776d6aeafc9ecdd74226380f2fc9e438365::f25d77a45c53db09742cb0f9599ee7c9774b87ab::25cd87c8e668fe9c9acb191c0c36470bee33f436::b41761e80f9911a3419b07576aa6f879b470b1d2::ae8b507f0b48695031983e3718d2a3d92bca0beb::c4f15e31befd61b9e8a42d9ba72fe7e10a3a8948::5878ec7d488f7d3e45c68c91cddd12393efafb8d::8a5ec6963fcc5299d34fb1288e6918f9fe965d9a::1a940ade468074fb6bfed8acf699d2f2c570edf5::4519c1fcb050c4b2bbcb21e3c2583455fbfdb3a2::704f3960ad6a6ba0a48c704303b3ab77479409cb::8e00c9c181a54f1ce456221073ed2665a1c6f34e::dcfdc68e5691c921a032e1c623960e877b3686a0::f8cc33f7b422201bc074171a2a99458e4ca04954::8675e48e05ac6468bdc63d007ecfce65a5d38e14::0bbff1b2c0f62545d8d5ac2a9632815fbee12496::84b726030713f4140ae8cb7eec258177b0c9ef0a::c04ea0bf6160614a5498833acbb7d834c616b8dc::052304fc48d909570b6c84967f0e8d2af0303113::8f0cd0e39369f6c3d629fe92faffcac0545f3830::46bce2382f8c4a5556b6c4f00754d3a764b973c2::4885d67c82d51ee83a7aa0b263bf05750e67f07e::37c34664bab9a5d6df9ba6f3544d09432845aa51::a7143d4c8c16645ca36e5a048ca2b98d1b9ae46f::7a96c5112b8544ddf0bc1c9ba5e80c4d1b454cd9::b8c26410bf97fc0e3b06b3e5b006060533f6a097::bc2d9623f7960f83636eb8416b11dd4e91ab4b22::45834aa62454b15f6bb3b4ebeeee2f0a94fc11f9::f00c157ff4b7249a8503154cf11c125cae8c75bc::853fd084c1429593b72d75e1c2d400065529cb54::f8c78cf499e30f8f201fb5252d87568953f4a164::0051ecf1f81927cfb1f6c54935a19ea521b616ba::e1c35f52c691281bc26838b05a3ca940d821b0d6::b6bfb56ccb56937d28ed8190126ea92c618cd5c9::516180f2ad2393038601f737319e043ec9ac923c::931d44b11cb61670bf98af40b138e83cdd15ae10::ce3822cff5bdbd2409e94f1b1e6bd28cb2c8f87c::c3bb66e3ac22f19028d54a8962c85c0d7f5ba1c2::bfccca2837e3f1625145454e75e2d602689f3781::e7cac796d20727595527d68630dd04ddd15722d2::a6a77b3754cf8254c14b54e54b863bd12d0af4e9::49d77dbb2be2adda1fae9f7209824035c531859e::b21b86c374a0b72877986de41bdafafce8b490a6::0f912f6b84c6b0a42079df2479ac6bbecc3c2c67::21ed61f962e4d500b43e41fc112f5f54666a0870::ac578775e39dc0fc4abd89a1bc1bfe9424533e3c::351f0fe328d167bfea9242639b705efe6ed52e17::f0c6549efd776ff95edcf3a2b8c8e87d9b7dcc31::5884467f49024e2fa15eb51f77f04d21f626e367::880d79dea141ce629c512b8f12372ffa6b351188::df9a5fee4ab679a16b03723c632beaaeebfa876c::257c93c956a66f805e23f4835cab88e7a1fe9201::35a4ef153b1472100fcdd6e80c8552b8f5ffbf62::57e73e4f9066712a16b0885b0db2482ec106bfb9::014bc61188d6c552134e8b23cdd374bb7272e6f3::061e3012721f2def30a9aaf147396e23d2c0b653::15dac229bd08bf6946c4fa5d0d0021dc02e69177::52c9a694b0a78de282957def65d5bbee75201539::da67c104dab7b9be9d69a9484abf5411260ebdf7::ae8d3e54c0caa5bc31754a11f015b9e08b6cecf3::025c0305fa829baa770f62c81654af8a708753d9::0cc18eb4cae37dd7b560d73b8f35affb7396aba6::a2f3f7f33efd765cc6c608c78745d8b9c108b8df::c40ee9182b6dba33b4eda7392fc0a616ccf0e50c::a662e349108a698c3d2bf2b01dbfe8118d793a37::3247803ea6e97b2d735fde08c12057de3c88086c::5d724b80f1e76d2768946e43986e1e77b3de9fcf::d2c4788065bcdbcc923240b0e01747d1b8eb2ee1::28d6b0163316376ef3b5429b3554c5041b47b5be::bb94e78dc6626aed7b0e518359d9edd0dec73ed4::248dc3c354269e49fce556906b7505164ab9f065::a187c9e86ccda4d0c6aba845af02576de3a34a62::1a9a8dc336e7d578ee4aa650cd7cfe578f8d48b6::773f1f473ffd5e38c785a6f95c44f51d88359746::d4845d82af9a946a4551ffc496ca3cddd963e593::c10f47a3da2b687aae49484ef57cf28a9210bc0e::5d65a80287ba62fa1483e5a43f162af50bf7cbe5::ddecfe07204e004a7c55fbe589c67ee38d43edc5::ee117dc8e65586b70199c74e1b1f2e06d1a34565::bb1c6371e855aab59d0c2fdffccf34c21a05e829::72a9acac721f9a06dbb41c5cce50699f6281f4e0::73a56cf58603693f4795ec186ef3937e9a81f289::f37d08719d6b2f5afe9dbb87cb273afbda799bfb::ac32afdd8256edec4a44514c92667610f13a97f8::08d9da0f78aaf0dbf60280a983df1b09c9fac574::939b0639b1afdf45a5ae50385d567ab9cd498fd6::1d65ab6633b15d34d61e5bd346b27d7f3de798bb::8b24b6b35e519d5cc00f3bef9b2b531200cc1c13::13857ba4dd7b0ff651903de45ac03c7d174e952c::935024f753dbb6f64e10ac9fe7cf248d8c8119a7::9c5bceed15fe5266975971f2a20deeec607f9d3f::b11b054807dac5723c8694321c7db7d43ed6bfad::eb7c423b3890283933ad395f01fb08adc671bc4d::f8812ae6599a269aa64310bdc1e6e41f93bbec47::0e33bfe3169ebd04edbe9220fd66f396fe02d68a::2296d7ebe2d0f695c40f4baac9b21433d26f04dd::ee8c18188eb8dc927098f21826a38942fa4d8e9b::6ba00a484bc221d596e5684e1089d02f0ef34925::1fafbb55a538378b797d3e1293593dba0a326518::afb980bc217cb492b24e002c99695e28794aceb9::e085b54baf8e32c6932435ec3dbf1d69770a0b60::2acd5ca0a86cae995fed26063d965a40bba6c602::05ee07ca35ed16e9c80f88bf333dcfa32378c9c7::92b376a17482496a197ce9c20b5b757f9b354724::a5bdd3919edfc8fc2662ec0e9a61dee48e2d9888::fff9720ebcb0ab7e382951442d40ef54b2704859::0725a9ba853c1a0caacd7c2c037cbe11bd4b4b39::a33ba6bb6cf2e46fb136f879a6bc5696b8f779d8::
https://api.github.com/repos/apache/solr,1186,SOLR-16555-mutablebitset-9x::branch_9x,0,merged,,Kevin Risden,3384157,81,1,218,41,4,0,9ed1cb59ef3e3142f336ebd14fe2c87bfc7d48f7::
https://api.github.com/repos/apache/solr,1175,c2_4_5_0_backport::branch_9x,0,merged,,Dawid Weiss,199470,96,2,5,3,5,0,4cc48f81b93c1a9bf9590718a8ba93c3550dd5f3::5e309226e6471ce60320f02dde08e06cc035b21f::
https://api.github.com/repos/apache/solr,1172,SOLR-15955-9x::branch_9x,0,merged,,Kevin Risden,3384157,81,2,1592,674,167,1,d41598068ca40b35caf7d91a0b0804b4e0fb9268::a748189a6a8da6378e6f6def231c689f0bdf2a2f::
https://api.github.com/repos/apache/solr,1148,SOLR-16495-9x::branch_9x,0,merged,,Gus Heck,46900717,0,1,23,19,1,0,10799575002ff7eb4c4e69aed9eb4eaf1cdd7de7::
https://api.github.com/repos/apache/solr,982,c2upgrade_9x::branch_9x,0,merged,,Dawid Weiss,199470,96,5,9,11,8,0,66425c5e6f3231c9ccf3c6a35a224836bb60b15a::23d2e3c8904d9bf3ff86f950165c80535d63acf0::21151e9839b53b40ce0a3c4db9d95263a9085a98::f1846195620ea858371e474634297d64fdfd48fb::254f358f7336270559f50f69aa78708683c9b547::
https://api.github.com/repos/apache/solr,871,SOLR-16199-9_x::branch_9x,0,merged,,Timothy Potter,417074,21,1,191,28,3,0,a0337c9c46ef6939052da4f9565c8fc0e03a8c7b::
https://api.github.com/repos/apache/solr,765,quick/forbiddenapis33::main,0,merged,enhancement::,Uwe Schindler,1005388,97,3,27,55,8,1,3b1e103f36f072cf47dcb45444d567459b251c19::18881840ee74c7cc408787c305a0ac02a381544d::ab096cca5d7eb1c230a0f79f55458b8f95a96d99::
https://api.github.com/repos/apache/solr,743,SOLR-16022-9_0::branch_9_0,0,merged,,Timothy Potter,417074,21,1,4,2,2,0,c8d776ddcc822256040821f0b5ec5b8d468a6b63::
https://api.github.com/repos/apache/solr,742,SOLR-16022-9x::branch_9x,0,merged,,Timothy Potter,417074,21,1,4,2,2,0,27894965b445b298e10b4c2e1bb2fdfe82c90557::
https://api.github.com/repos/apache/solr,719,SOLR-16009-9_0::branch_9_0,0,merged,,Timothy Potter,417074,21,3,530,78,8,0,c3ca239d0d0a4f2b904115d21d980a198b94b7bd::e9314c272853fcd20935ebedad8015718ed5cc5d::3db5adc7574b2968698edf2a1bf687178972f33c::
https://api.github.com/repos/apache/solr,718,SOLR-16009-9x::branch_9x,0,merged,,Timothy Potter,417074,21,1,530,78,8,0,95513595c2c45492b2157c4b3623490650b20c09::
https://api.github.com/repos/apache/solr,628,SOLR-15974-9_0::branch_9_0,0,merged,,Timothy Potter,417074,21,1,31,0,3,0,efe9777bea1de5bc0e2ac843e8bb0f703da1c0ad::
https://api.github.com/repos/apache/solr,627,SOLR-15974-9x::branch_9x,0,merged,,Timothy Potter,417074,21,1,31,0,3,0,4ae85b28c1cb241b7bc053584d0605e64367834f::
https://api.github.com/repos/apache/solr,602,SOLR-15587-9_0::branch_9_0,0,merged,,Timothy Potter,417074,21,1,251,258,40,0,b379735d94ec09ce93e0f77aaec70adb34d55a59::
https://api.github.com/repos/apache/solr,600,SOLR-15587-9x::branch_9x,0,merged,,Timothy Potter,417074,21,1,251,258,40,0,42d86a279a4f0487ddab7146a2f9603e9e77dd1e::
https://api.github.com/repos/apache/solr,514,cherrypick_tool::main,0,merged,,Jan Høydahl,409128,46,10,230,0,2,0,625e7f371dc46f2d963da6e0bb29f62fbd9ddde5::dc42ea5ace49ee58877c19631b21199f7cc4cc9c::d5c76f4d5326112a47ce3030ba8914ceb3d3ee37::d7e5af9a2aa9c12264e64ee37015737b3cbdd8f9::f724aa88df704f73008f1b54f41e738fbaf603ce::8b8fbfcd0873176d7b5bda0c89eae525f34d1b50::bc2c5876f3d7cdc12e14a14926d95acb9f119bb1::d4442babe00bbd125d8135888e51c9f79f97624a::5092cb5ad4d7404a2002b86e0fa32b07ae4cc893::4176a11d1e9a4cb0c02e674d38ed11f10d14cb57::
https://api.github.com/repos/apache/solr,245,SOLR-15573::main,0,merged,,Timothy Potter,417074,21,3,26,13,9,0,b6109c0f6f3f939a45d8ff61921159296833907c::5a80a31bf17c008e682650a3763db0f2808f1b2c::417a36643789d8aa4cec5286e19e662541ee9ff0::
https://api.github.com/repos/apache/solr,149,leader-follower-image::main,0,merged,,Houston Putman,3376422,16,2,2,2,6,0,81002899d25140edad668824dcff8600d5dde444::f222f81aa4333181d6d541e023a70ebc03c1e198::
https://api.github.com/repos/apache/solr,49,cpoerschke-patch-1::main,1,merged,,Christine Poerschke,6458642,57,1,2,2,1,0,0900fa1828fec78c0fb5de7864467782a0572879::
