https://api.github.com/repos/apache/activemq-artemis,4041,mvnwUpdate::2.19.x,0,merged,,Chuf,42591821,6,1,1,1,1,0,e8b6d8102a4e7a7c91ac13526003f4b793403288::
https://api.github.com/repos/apache/activemq-artemis,2634,ARTEMIS-2316::master,0,closed,,Luis De Bello,2062115,32,1,220,5,5,0,779aad30e620914005b63b71dc9d9013671f380d::
https://api.github.com/repos/apache/activemq-artemis,2418,ARTEMIS-2142-EXTRA::master,0,closed,,Michael André Pearce,1387822,21,1,180,146,9,0,cce891325f72fc921ff964440861432b2f320fb3::
https://api.github.com/repos/apache/activemq-artemis,2336,JBEAP-15516_1.x::1.x,0,merged,,Pelisse Romain,117836,36,1,6,2,2,0,11ce7f864e861c98eaa1b582195273cdde67d86b::
https://api.github.com/repos/apache/activemq-artemis,2221,delivery-multiplexing::master,0,closed,,Robbie Gemmell,5106823,30,1,149,9,3,0,b496cfc5c9a3d0878568b415d965ec51d049b3c7::
https://api.github.com/repos/apache/activemq-artemis,1429,jacoco::1.x,0,closed,,Erich Duda,2317374,2,3,257,1,5,0,015dc9ff4b797cbccf91ee7ad81ee50d0a1822e4::5c3ff5f2798af8a76d902cbb1cfd8e826909abd2::462d75a86fa48b94ddee82dc5911fb49ef8a1fdc::
https://api.github.com/repos/apache/activemq-artemis,756,JBEAP-4721::master,0,closed,,Dmitrii Tikhomirov,3542552,35,1,2,1,1,0,e1f3e8e43af4acdcbf8d90ad5b54e6bb8d698e23::
