https://api.github.com/repos/python/devguide,1169,1168_add_backport_directive::main,0,merged,,Jacob Coffee,45884264,29,6,8,2,2,0,35e855bca84f9c61197c1a5f6dd1d1e4c947ca44::9e91c4537985ed3bc6fbd03bdcf6cc6f324555ab::05cfc3f762d2dd6fde44e3f3e9be026a10cc5fa2::5bd59e22d8ec169f695a05ad7f4a8b486edcede4::7b9bff6467deb48f86de24706e957908059884a1::4b7de3a94394acac68c736ed043425c122e67dad::
https://api.github.com/repos/python/devguide,1025,update-help-documenting::main,0,merged,,Hugo van Kemenade,1324225,628,3,7,6,1,0,2769aa52a11ee856e8d7e7eb2845e3f13df10c5c::735f044afa1bde4007d1e64a41586944d998b246::96df81b1e9f822398fb9ec64c5c779a3243cc662::
https://api.github.com/repos/python/devguide,983,use-the-proper-branch::main,1,merged,,Łukasz Langa,55281,1995,3,53,36,1,0,60b95a73eea34909028af44ae4f9d9a2fff66621::34c15229e609b605dc50919afad614e7d64460b0::1c6e6b25f72177f633ef39c6d0716608008f9f02::
https://api.github.com/repos/python/devguide,910,simplify::main,0,merged,,Pablo Galindo Salgado,11718525,847,3,6,15,1,0,a4986a6eae1aa273d049af3a2d98ab7aac6712d9::a18e4f50fcacbf4a6e7517b8c4f58d2287fda344::651dfe0970942e35823fc4c0c78b2993b720fb65::
https://api.github.com/repos/python/devguide,855,autoclosing-kws::main,0,merged,enhancement::,Ezio Melotti,25624924,146,6,22,0,1,1,48ffd3b86d53e4910ffe5a39869a2d74e75acc66::e8f7e6a06620685e3cd0a068133550a21774759d::34d208040977433d060a0973c11d3c889d91ee93::7a799a2da1fab7b75dfe78b091ed5a165634af3f::a279ae18b50c6a66ed7e282b4ca5a49e590c8a89::30b5f7dfd23a0140b09df04c287a81e62766e5db::
https://api.github.com/repos/python/devguide,521,Mariatta-patch-2::master,1,merged,CLA signed::,Mariatta,5844587,974,5,28,4,1,0,125cf58567ccbab5a2ac7239561c720dd81c3c38::ff7549b58c7d6707de289e2e1a5333851023dce8::a9e1c15b616230b5c48f25d82e596736759a5585::6a1716b3c747e1b0999bf810739e04c0cfad7d51::cb06a4c9082ab85fdc012f1cca87661416e1238b::
https://api.github.com/repos/python/devguide,511,github-labels::master,0,merged,CLA signed::,Kyle Stanley,44193521,155,32,81,0,1,0,3f45d0331bacb8d6ba3272e102e42b67a1225493::21dce955a00e79154c607352ff466a1d23778010::63f538e23ae82d5f820417937960d736582b3456::84414269c51de279163381670512b2618283970f::241f8e11eb0f14a35b2708ad873f860856d4cd10::587449cfce47fe14c27425c4c1b8341c2cfefebc::eaf0bed232a5be8a7d365e638e196d268c20b76e::1de13d56cdd695979a19b1713758e9cb6ea1855a::ccfbc8b0b8a9e1a6a801b5fbd78fd7f17db056bb::a568ea01c40fe92facb84517c90c0296aaec9273::7643487f214f4a5f1f758295adeb079862821b04::770b6f2b1cfbc484f93e3eb23253fb046bff50bf::d39a0472cd287c8102982f39c817cdce57ec2404::6d3b3dde2292b68b7b7e5516672951a0047ba37a::629c13cfa33817399b0f7a0c36d85cb98689136a::ac6a8ad5fd344668703fe6276dbe1640303fd4f1::0587bfccdd9a5b219d4cd704eaead631c15d43ed::afb203c7a975a01626ed03d97c707f47e3940940::86fa97598e1df0ff3d00ea7d175f849233984f0e::316a3cd5dfeadc035b61245a8c446661a954a6d6::b69fc0e9d332374135be36cdf363946e38c3cf5d::87ce8ac5020ddb23c23ab4559374cdd972e9d576::e20be4c090b654d93ba5b9ffa1979e79e54b2c99::eab81d0edfc83cb761d2477a64b03ddec327649c::731413a197595cdf174ae9e977589962d9bd4ea3::16945e98edf4f27aa57202f119489d4c6f9649d5::5eb8452538908ee423ab7df0ae6c7d2417547d66::9da96c88e599d4f2f2b6ff4a84ea9e785be2b3b6::c6fd653cb4456dbf37a942fee41c9ad28d6ed2d7::990a8556f895d6b3332161be15a38bd93c726d0d::859711d97c6be5835e9d388a83a6c4045550067a::a0e2443419bcfb1dade617e7f968ad753e107105::
https://api.github.com/repos/python/devguide,392,clarify-backport-pr-title::master,1,merged,CLA signed::,Mariatta,5844587,974,1,10,3,1,0,6236a1ea3e74b6c9b84c4b98b9916de19583544a::
https://api.github.com/repos/python/devguide,287,issue281::master,0,merged,CLA signed::hacktoberfest::,Gloria Dwomoh,6190813,40,2,1,2,1,0,5fc74d1f020e60da6b44d1fecf2137b2fe53654b::efd9c73cb9b4e27380b55072943e7a2e373866a2::
https://api.github.com/repos/python/devguide,275,commit-message::master,0,merged,CLA signed::hacktoberfest::,Mario Corchero,3709683,64,7,18,2,2,0,b7ce0a9f0a873302c4f20daebff67f8f0f2e8450::33f97d7aee96ae78f26db0b34e21c75b12915a56::b4701818eb26b4802f90debcda161bb92583b016::876eba49bfa4c408a946cff9a57b3942dce808bf::6dbacf01061d90bdf98dccebca2839f903b13293::338b4343768f11357ce3066dcda4344d84aed80b::dc4fb890f5a069d1d5e0cc64583a2e4bcf4cfce7::
https://api.github.com/repos/python/devguide,263,reorganize-git-commands::master,0,merged,CLA signed::,Ezio Melotti,25624924,146,7,82,170,4,0,c5b768e97e3705e68f95b84294627b4e52278d52::c507009b1d4f56b46915f4e1a6f626573d1d4f01::cafd72bb645488088103e2dad101a0d713b26019::055d15579d1015e7220b3f823f01a1348c338b57::ae26a039940caee416efc72e33d56130720dfbb9::b4153d1553142b86bf084617a6e832b5496d8f45::a3c6133bd4f3d981285e1930bfd33426b4e99f64::
https://api.github.com/repos/python/devguide,254,issue-238::master,0,merged,CLA signed::,Mariatta,5844587,974,2,28,12,1,0,24e8622634f6f97633df756e4abfbb30c7d7e2d6::56ed1211b265aec618ff51683159c8ce528cd446::
https://api.github.com/repos/python/devguide,218,issue193::master,0,merged,CLA signed::,Cheryl Sabella,25619791,32,2,40,0,1,0,60db2651408f1935bba17df33a8156a878072080::eb610eca9b9ae0130717a6eedfe65648969c64bf::
https://api.github.com/repos/python/devguide,210,Mariatta-patch-1::master,1,merged,CLA signed::,Mariatta,5844587,974,1,0,2,1,0,8b8f9c621e0a8371f2133a23f2802c5d204ebdc3::
https://api.github.com/repos/python/devguide,198,no-cherry-picker-label::master,0,merged,CLA signed::,Mariatta,5844587,974,2,3,4,1,0,c2f932e7b1d19247f35ebd9020b34e5dfc59092e::85720556dd9a32c00fa9b0636cc2f2d33126b8e2::
https://api.github.com/repos/python/devguide,179,Mariatta-patch-1::master,1,merged,CLA signed::,Mariatta,5844587,974,1,6,0,1,0,57ee761c7fe7e0bcd2579b62e82734b368dd3585::
https://api.github.com/repos/python/devguide,178,issue-173::master,1,merged,CLA signed::,Mariatta,5844587,974,3,11,31,1,0,f73f95c3fbac4415af2733c32f68061d1466edd3::c6d137ccbfd737a946e9522e4a111b2f98709f65::ee105f9770ef8b057ddec9837b4f83e078f5ce9e::
https://api.github.com/repos/python/devguide,149,improve-committing-rst::master,1,merged,CLA signed::,Mariatta,5844587,974,6,29,11,1,0,f2ea45350e97b22dfea99401c0f9e1279246a244::234bb6cfd589c3120b2c45af7f894342aec2a51f::7147e920f42e73638ebed140388667f3099e0fe1::396adb619bbc462f3134cf41ed734a778d1bdbbc::4f48dbfaa00c346bc9da6a1d5b3c698a14ee82d7::de86ee7ca5658c1bf62b092259ae11479b11a0f9::
https://api.github.com/repos/python/devguide,144,git-bootcamp::master,0,merged,CLA signed::,Mariatta,5844587,974,6,253,0,2,0,142f1df288ecf4939d6c304cd4edc39bf137742e::43217721f4dc37f7a5ad435dd7e635c8f7ef5a3f::2104dea946d48b40caaf68f4d382f13b2399f918::efee4f7672282afe450b09adf6e3efe350bfabad::2993cbcca201691d1bf6feee3d11e6b97b31c3db::62845663d39642cb2a6e9355a37704122e30a8ba::
https://api.github.com/repos/python/devguide,135,fix/latest-python-versions::master,0,closed,CLA signed::,Andrei Fokau,259691,65,1,13,5,1,0,41f78fcb2bd49d23710f3841e4e762901c1684c1::
https://api.github.com/repos/python/devguide,58,cherry-pick::github,0,merged,CLA signed::,Maciej Szulik,576341,213,3,24,53,1,0,11b6df394094ad60aef84cf4c4617819e1417961::3c51e149539b8ee3d380d834f2115b691181d96f::ad08655275880c01a76ef7d732e2eda9d6ca07ea::
https://api.github.com/repos/python/devguide,33,py32-eol::github,0,merged,CLA signed::,Akira Kitada,53781,17,1,1,1,1,0,8c4f57ede870ec603ea37978c72c3cc734592155::
