https://api.github.com/repos/apache/netbeans,3097,NETBEANS-5887_12.5::delivery,0,merged,,Martin Entlicher,5479271,6,1,5,2,1,0,e98ed2845984c46083949dbf58511ad2938a6952::
https://api.github.com/repos/apache/netbeans,3095,jtulach/Update125ToGradle70::delivery,0,merged,,Jaroslav Tulach,1842422,87,4,24,73,7,1,07281451f82aaaf171f7aa5a36760fe3872049cd::a4e9dd874c66fd1563d70434dca1ef380a50f645::8485aabd98ebf46d71ca8da934bf648fce779f4d::799eb0ce5c219548e382239166404d00c070a3c9::
https://api.github.com/repos/apache/netbeans,2949,jtulach/BackportProfilerChanges::master,0,closed,,Jaroslav Tulach,26887752,63,7,1089,97191,82,0,a07981a72659ff4111383c959d1af9deab415a93::062ad351f091e54fa3bba428dbe4f33944808380::4190155c134d67e8ddd04f5aff5938f28c697e29::0a9daae03128269e679bf3d0fb335eeab4e6c5de::a9ebbcfadf2b4694a2692096e943bf3b264578b9::053eb1d100140400da5804eef5e24a8873330986::8fc8cf171cc3536dc72a71c148a91072f967dcc8::
https://api.github.com/repos/apache/netbeans,2867,gradle/backport-lazy_load_false::release124,0,closed,,Svatopluk Dedic,26788611,20,1,1,1,1,0,aab3140b05d23aeb404c19ea5e87320a2418ad4e::
https://api.github.com/repos/apache/netbeans,2809,jtulach/UnnecessaryClassLoaders::master,0,merged,,Jaroslav Tulach,26887752,63,1,198,40,18,1,e2e6fb4be4534e0d79d89f90b64b66033000609f::
https://api.github.com/repos/apache/netbeans,2808,import-rewrite-and-qual-ident::master,0,merged,Java::,Jan Lahoda,124144,24,1,121,2,4,0,e8d85afc5db8793016bde8980be5eeaac9e8845d::
https://api.github.com/repos/apache/netbeans,2680,BP-NETBEANS-3342::release120,0,merged,,Laszlo Kishalmi,1381701,17,1,599,18,10,0,4909a929617e871262a389fcbc295daad614a22f::
https://api.github.com/repos/apache/netbeans,2664,ReadmeChangelogVersionForRelease12.2.1::release122,0,merged,,Jaroslav Tulach,26887752,63,4,43,1,6,0,44a66174cd6a835491f2812668789e7b1847535b::759a4235c3d2394e71d2089235ba98f59fc53e1b::c8e0cec5edcbfbd61f22e07eb92fcdbad17f345b::7a01b92e6deb44c8659bfd25695d5042317dca09::
https://api.github.com/repos/apache/netbeans,2662,backport-release1221::release122,0,merged,,Jan Lahoda,124144,24,1,89,15,3,0,a55c31035ce22c289cfca9f7f27489957e73cecd::
https://api.github.com/repos/apache/netbeans,2651,mentlicher/backportTo122::release122,0,merged,,Martin Entlicher,5479271,6,18,5934,640,142,0,fcb6f40227490d9b93b78d88d6be6f00a788de32::cac154502522991074fe6fef9978654fb635e673::7ad961a57f9301b7484c39860721d994c0dc6aa9::8c14ff70ecab9d953497ecdbf7855e748a4f73dd::d5f9df0a6e65aebdc530023265d57862f68a2a9d::4c2c1b737bdc61d7b786255c6e923bba704d0c1d::0ac02a46ccfaf8ee1af532cefe4fea9985ae1d2e::c1739d6b834ffce508c98c57c036a960b3f4b2d2::5cac5181e50a10809cef1b7bc30f1e902cc2f779::6b080f3fa0999b9af49549efd4706db3bb00a549::dbe4526a135ec76f36c7d50669019ec98ab4a04f::9128066a9b176b06bdb4f08fea8eedde512ee3cd::642ac2d8e39e9e99981b6664b562383a5f92668d::960f4df856e7a5d574364db587c63963d9459ab0::a9b14ad4fdd7825d361d92a22673b3620a39cf6f::7e4d47f4ae97d75519b675ead01f354cdfa82112::5c8e28ea942fec77ffb7c279ec4556758094d94c::1ed00860708398a840b12bc670c69e0de94044c2::
https://api.github.com/repos/apache/netbeans,2638,BP-NETBEANS-4722::release120,0,merged,,Laszlo Kishalmi,1381701,17,1,11,2,2,0,7f67f8e7c37c3cdde463c8dba5536109a500a2c7::
https://api.github.com/repos/apache/netbeans,2626,BackportVSNetBeansFixes::release122,0,merged,,Jaroslav Tulach,26887752,63,20,6228,621,84,1,ff94669a653b1ff4bfe2126a517d19ccb7e3c535::25fe06bca4c1a6efb5282e4cb9c23812c7cd8164::a39b3f16a51c34c19cfa54434200e76e51201dbc::4fb3a3416f6e491e1874c867da49dae8246041a2::44b93d2cf0e4bb92a164af5d10b11c2c84d8c8f0::91e3dc4ff98fce92e74bdfa8e3afa138afd68ac2::e5495e7ce6f8ad3f0326058dfc3062ef62b1bd12::44a68b5710e9359b413c7da55bf18f9f381ac84f::8af54cc83267df68e3447905db515bb9c6a88982::4cfa4a33965622af9ffc35e4b4587c7954f9fe07::8f9ecb50cc346a1a1478f6b0ae29a5821751eae6::ff7259403eb32ccf4528e24ef466da05ba56199f::7b25a8500cd0b5c8bd9d0c29c157cd45169eff49::ef8b9df510ed77d97ae150073f7659b4bc7b89b9::21a93eb6a550d74f291472114dc027b2532d2240::4d8f17bbe5401090c2b61b84a9535762636b321e::9fcb89987186a26cd7f3039ade3d3f0af85f1a20::bbd4043e090858f633864383a4e2ba8ae79083d7::0e65bd4688f089cb73f48dba08ee4aa6db33ea02::84d8a491dde1cde2fd04df17ae31bf3405bf0d10::
https://api.github.com/repos/apache/netbeans,2546,Readme::delivery,0,merged,,Jaroslav Tulach,26887752,63,7,131,66,3,1,272999eb848be7ad3d1376f29cc00301515bf346::f54b734de5b001b8dbf3696ead873a4b9baba51e::e28077a63cfb42e129ba60623177131d674fdb15::18317d1914068cae89f14b76ae4756b0114f2dde::a8eaee83047b75661ca056fa92c38989bbc7e607::21c8d73d11fe2a6f25504d127103f68dde3f9c41::9e00d4591181416cf03ea534b444bb604806023f::
https://api.github.com/repos/apache/netbeans,2337,ModernCode::master,0,merged,,Duke Script,10329598,48,7,819,607,33,0,b53e2cf21a421773c2abee51effaeafbfa7b527b::6066163168eb0e76a5d2f0f40897b1b8f87d52ab::938b7d26695511809f1ebae00a4cf6763edcc357::ba7cf3353bf2a97e2ee3a3b2230aeb204d3c15d4::31a7eb92e3a850a9edfce635cfcd79d0dfdd1f7b::252290704512b8e8992f78c5d13af8aacf632cce::1cc0b8cf0a8baf9b7c2b50675f0bda63d0f649eb::
https://api.github.com/repos/apache/netbeans,2262,profiler-oql-finalizables-fix-backport::master,0,merged,,Samuel Pastva,3521465,31,2,19,20,3,0,ca1d918bde95be2a5f4738b8eab064bde6d49f90::a9320fac490fe8a68269d630d618377422742547::
https://api.github.com/repos/apache/netbeans,2226,jtulach/LookupWithoutThreads::release120,0,merged,,Jaroslav Tulach,26887752,63,4,152,13,7,1,6365aafd675b323c15f116eef425ac0853d73047::b6ffe9293759c470e222026a63968382d3687e5e::e9471468e6004a21b52601a2be47c2cacdd191f7::359c24a04b154329d1d72fe2c103c6c4d970f93b::
https://api.github.com/repos/apache/netbeans,2225,jtulach/RepeatableProxyConfig::release120,0,merged,,Jaroslav Tulach,26887752,63,2,38,37,1,1,2744059dab68b2081267ce29d0501f13ee29396a::40584ecfeb52cfd7f8f5bc619ad97ad968303819::
https://api.github.com/repos/apache/netbeans,2181,NETBEANS-4341-12.0::release120,0,merged,,Matthias Bläsing,2179736,49,1,43,1,2,0,e6145be91a154a38a1a956871806e4063648bbd3::
https://api.github.com/repos/apache/netbeans,1674,release112-netbeans-3290::release112,0,merged,,Neil C Smith,3975960,101,2,2,2,2,0,7af9b42374d51ffaf181a38c7b21a70c85078b2e::d87962162c030b6811869cd0c5bc9583fbcd32a0::
https://api.github.com/repos/apache/netbeans,1658,backport-netbeans-3335::release112,0,merged,,Matthias Bläsing,2179736,49,3,20,3,7,0,98f11031caee57e625744210f830a681270a863a::f5faf67ef4763794c358803efda5e9c235cee146::b560891d807c74d4a25767701cc9fab3e1399e73::
https://api.github.com/repos/apache/netbeans,1368,GradleFrontend11::master,0,merged,,Duke Script,10329598,48,3,17,3,3,0,d46c11b8e02a16ac1d9c07871cb8c271e5658a05::f3095c16c517f4d566276a848624ec14491eae8c::1b5db1e0488ed1d0222b17f7fc18c45a658ad3ff::
https://api.github.com/repos/apache/netbeans,1047,feature/autoupdate_enable_download_100::release100,0,merged,,Svatopluk Dedic,26788611,20,7,1212,250,39,0,05d090b6321fa875c91b871f4afaaebb6561c22e::af8e133ad8fd89ea0d9f61e64780c2b744dda098::494a76af74b9d1a820ba33a39f103fca3549483c::f1d47de5509ffb6470da1660f66872db9a790234::645b250bf09b511290d6ac2ce2c4838e83898931::38480324b1d0d5f274d1970f9c994ad06236e39f::a4fb36a9b424e18730d336e357341b45757dadcb::
https://api.github.com/repos/apache/netbeans,1036,jtulach/AskWhenDownloadingNbJavac::release100,0,merged,,Jaroslav Tulach,26887752,63,2,13,30,3,0,c36f579e30f9d09539059ab186e8716f0740628c::ba22bd534dd426a5282305965f2ca7177d018f95::
https://api.github.com/repos/apache/netbeans,966,release100-openjdk-fixes::release100,0,merged,,Jan Lahoda,124144,24,1,69,12,5,0,33bd7a3460e74720e276614a8de944875198c59d::
https://api.github.com/repos/apache/netbeans,623,rtaneja/netbeans-999_backport90::release90,0,merged,,Reema Taneja,32299405,4,1,6,4,4,0,286656a9b836ced90bf22c76d4694efecc8c38bf::
https://api.github.com/repos/apache/netbeans,618,integration_tmysik::2ndDonation,0,merged,,Tomáš Myšík,331924,6,4,1,1,1,0,3100280521b1c3afec597c1cb2aa1acbcca1e0e0::d1d75535bd96d691f956a466a03a592e390b9e53::69a2b925cd5e976ffc364054d7cd1d1fa5ddaae9::e801e1e9c5ff48607f755d612504a3a4b1a66b84::
https://api.github.com/repos/apache/netbeans,614,after_donation_junichi11::2ndDonation,0,merged,,Junichi Yamamoto,738383,148,15,81648,38149,474,0,d90ca59f6af7311c9a99ccb3648e53d8ade3b326::c1ba50ea5a678b60aca165424d4e1165310fc4a1::4a0b20bfa406ed7411c786165b711b3d67fe5cfc::e50765ce0f1dd964972710df6db13c0ab3faf892::786666b4adbe4d6b8f6419849a5003c9ab1e189e::bd0bdcf4eff5c610d939ff40ff9308773b8e9e95::97264d25453e5d1bf53fa18308156d96423426a2::70438dba7992a62875878436897327a1a609142e::02e14898eff17be92fceec141927ce689c14e82f::2334131acf3db6d850b863e73bde3b6860a909fa::f1d739b1e2cb2bebb7baa7c70d02af830b9dd574::f549321ee5e721ea470f25d86b96997ad8c9d962::4b905a8f704e4758f2b4461af31b895a4f941a3a::8ec0b5b519a27877e1d93448b787a96ad29779d5::741274cc4a038fb697faa214e4b2819fe5372d5e::
https://api.github.com/repos/apache/netbeans,613,revert-607-after_donation_junichi11::2ndDonation,1,merged,,Junichi Yamamoto,738383,148,1,38258,81757,474,0,df53a14dd6bc1291c34b5c561a527d9fed8000eb::
https://api.github.com/repos/apache/netbeans,609,netbeans-892_backport::release90,0,merged,,Reema Taneja,32299405,4,1,1,2,1,0,cd8ac7ada1ecfb815cb77407f2b894742b922945::
https://api.github.com/repos/apache/netbeans,607,after_donation_junichi11::2ndDonation,0,merged,,Junichi Yamamoto,738383,148,15,81648,38149,474,0,de726e025a19b0d799df4ffb3ca26affa6e82a2a::aeefe1598ed3e5540703b4c4f4983b323daee96f::0447955c3e2f667da426808cf43e23c7fb29e5a6::61e3742643392ae602d2aadb187ca235eb1afcbd::3d6cb8fa50a1ff55888fb89bfe78cee8be0cf299::efca55af9514d2aef4be52acd40a046a08bd6e0d::7b3bb9902789aa8ad0f7c88cf6b04cb1c0209d2c::424fb7914f0145e4cecd17ad58a57bf13af6664b::fb23f0deedb6d9b15139571bf456caaf8ed8f574::7c7e4051ed649e30a4cbf26fe40f676082c5f001::f69eb9c9af1ad1cbfc279379dfda7dbcf31fb7ea::c238b6c4c44fb6789d10f572b0158e815ba922e7::89a74335bf508291d116d841080579b6eeca76fb::8a89650a3e6302d09c73acfdab85886fc3c97b89::4ec624d10d09d33b28ecaee9142ee477a1d7aa82::
https://api.github.com/repos/apache/netbeans,592,cherrypick-LVTI-changes::release90,0,merged,,Arunava Sinha,32263739,0,20,861,18,13,0,15a5ce5a6c1af29990a39e358bfd25afd867b8b9::2261c7da1b78db6d5aa1e979c255c56e4ae337d0::8e0ac460633a734fa1e510af6a6e7932b51f5285::298e925cca128e2c43aa1e1c56b55b7b57bd1418::64b29606e1a886ce6de125a7e7037c6b3256adaf::0610d039967a5dee12e67846680c7cbcfb552584::f1b63073fe810d66e2ea36f832213b477f3daacc::09771eba14b59370e15fe128be7977146afe4bda::6a88fb59c01d8932af16c175259bc07bfaa2560a::8672d425d0adc19f09523786da82e6e61d9cd8c7::b258646943ac72c5cbe5ad9a06647ebea0e75f72::5b271976618706537c544c3bb49ab9f75348ec82::adf305b603d7e149787a35801c7e113a91060218::db409f14648c7995ecc21f1f96f63ae5ba0d0a19::eb1e19a31c9fa733a5cfbeaded3f0554944889fd::c8f882cb2a400c965d886a19ecf4d67a75bf9c95::d24962832d13d941e2722e84a6d6c2e8cf72fc23::93d6030751f87999b2f94f6ffe86b91838915bea::8aa5fdea12be3e41d5b895c1aa480306cd95a007::12b32531d3369009d8607fe668a66a0c887199c8::
https://api.github.com/repos/apache/netbeans,579,jtulach/Backport851::release90,0,merged,,Jaroslav Tulach,26887752,63,1,44,9,5,0,d79f12bdd7d6958ca6a2ce704188d3de350f58c5::
https://api.github.com/repos/apache/netbeans,578,jtulach/RecognizeNestedClustersFor90::release90,0,merged,,Jaroslav Tulach,26887752,63,1,38,6,1,0,b46fdae453f53a3e0f60e960ab9a0447856b6a3f::
https://api.github.com/repos/apache/netbeans,565,cherrypick-NETBEANS-764d::release90,0,merged,,Jan Lahoda,124144,24,1,111,1,6,0,aef1e716fa4ef33fcd5aae90ad0fd5675f7ff7bb::
https://api.github.com/repos/apache/netbeans,422,rtaneja/after_donation1::master,0,merged,,Reema Taneja,32299405,4,2,10,0,1,0,d332c45f2412740c58f5be9a14f7688129cac572::efca8b26a70b76faaf20f5c820eb7dfd89c68c3f::
https://api.github.com/repos/apache/netbeans,344,mentlicher/after_donation::master,0,merged,,Martin Entlicher,5479271,6,2,44,7,5,0,56556c4c79c0745b60737dcdb6c40ad024505ca0::1fb9271d8539cb3bb9e596cb36e0318039764082::
https://api.github.com/repos/apache/netbeans,274,dbalek/after_donation::master,0,merged,,Dusan Balek,16077464,8,45,608,254,41,0,57ca9b67c77dd8ff2b339628337f967123ff01a0::79e4c46b2145bacd551c2ce7185cad3f6db52fba::64962847acbfe6f48fd512a4c9ef4659067bdfce::e22e2e098ad0acd133b4a19e6bb29bdbc3355055::a72a442399848fbed73c6facbf455c18ba50d3c2::099516f9b2eefa78acd1e5c356606e98c7eb4bea::432b4916114f584f98918b064c095c5669aa22f1::6470a43c803c42dc0be86dff5755d684c2580aa3::7fe0faa0a1dd5e8c87f106662ec78e9204d179ec::57d4fc7df27223ba8b14a3e8c3c2ca4da45a0c51::5c20e0d7dfe58605be2ef3ad8d3c644a2e3a2312::78ffa1b67552738dad7e0b116ffe7cc65af24b3c::7cca20f7033ac169c859ae33ebf289d95e61639f::06b7360ac4b7ad1fcbd5a1273abab4460fc0dc08::13af845b57089d5879cb3bc9b13cf908e9db3d42::99788a83a764de7b1de12e522bfd2bdc8e9e6f38::3378020001be75511cdd8296383644223f10248e::169072432bdb3fc1e66f1d2ffce3625656a49198::b4ba9ce248b6a9487465a61e6ea96b335146b00b::af1645e263b7027d6207e66f55b0f666669cab12::beb78df0dd4587c7df99fbeeb359c7061e1a3b28::2312de049a10500394c930fbd54938784488a6b4::5e3a6002bb6b4107b5cc8197470fae178e4eefda::60a390a720fe369f2ae3eb6504a7aa0947652019::fef0118547ef748a472dfa34bb6a93ffd17a342e::1f3ee77cca6b67b76874e58a4d99840b3ba51a52::490e60043d9ead6a007a06b25e6fe6fed1d62119::269403cf09039610dc743e56f2189f4d092c5142::cdc5ac5306c0a719d2e3bbfb37d0a55196cf935c::b084f91bf289f5897177f3b3ea1509956dacd127::59e5e1a457c6ab6b5bfa983b51ae44aa0f966342::8398581ff35255646b0dd4a9f6e1100c9a8eaf5f::13be3be2cfa92a85d5722296103abc4e521eb021::e19e9515543e9d8a88060acfef433bc8560bef9d::e49948f65e24857fbc8e8d183b77dc455712b124::dfa9aea9605aed97e3aa9ee3b8e5c7527c6f0ca0::fbced7147b4700416b35dfe6f413aba6dc827334::024be525bbc3ae70788791f4ea6b0a00abe20f38::53ee08901ff0e4c2706b4050a54bc4672ab7994b::d193b1b0690048aab15f2bf398b0a5836060bc36::6fe813e2dcc3840044160b00eda8a0cf642ff6b8::e9c0687a4164bc9a64b276c3586be0a1b2c5d7c1::e0ca2122108aa20a647eac64a10ddaa95cbd1a10::0173d769d52775b3073abb3cb66f33f8e8aa82d5::389bf2b3cd5cedf6790e7e5690ee96f4ee51936b::
https://api.github.com/repos/apache/netbeans,273,thurka/after_donation::master,0,merged,,Tomas Hurka,22048069,15,14,116,44,23,0,427adab510e899278c6d987c4cfc9cc4ee08d423::f390ed4a24e58fe1a4cf3358c47346c1391abb34::f6c6419c99c84d2d728575c677dd9ba8e9562716::53a590d70dff04c125cc6ab2109b4c6da12d3a0c::cfb2ed48806f4db7a0c43da2d3a4dd2ce85ccc09::f6ba46234b3538803d7d70994d8d4eb3f8d9c367::40222ca523b411f51003c5c6bd2d4c15e9f81b2e::055e2868c238599cd4ceeb02ef64320c437b2c27::c0eb422757276fa0217c01df3444575ca6fdff52::c85a0a59f3b464e52a15012a42b5a3517f206976::5942f6ee78cb1dcac64e13a51250320147486400::be86ed7593b3110289b76228cb412d6bdb5e3e52::e9f73f0387f173551bb606a6953a9a3a5fb21e0a::3b5aa08f62d28b192cfaf942ccca6c6630e4f4b0::
https://api.github.com/repos/apache/netbeans,257,jtulach/RecentBugfixes::master,0,merged,,Jaroslav Tulach,26887752,63,4,36,24,6,0,311362fc76186aa500adc412fda8f40492f860fa::2d0495d8bf79eef31f711f617560732a83a197d9::14d716145c65affd99d213fac21496106c4715b3::5264032cb1b2419d923581165799c19964384d7c::
