https://api.github.com/repos/apache/dubbo,12235,fix-unsuitedInvoke-3.2::3.2,0,merged,,,39894036,0,1,1,1,1,0,d19ed65ee2a9da759069a4accf54966b0587f6ac::
https://api.github.com/repos/apache/dubbo,11592,230217_remove_rat_3.1::3.1,0,merged,,Andy Cheung,4351489,5,1,5,183,7,0,1a876576691b56796ba1340d3e2e06ab7f3debb7::
https://api.github.com/repos/apache/dubbo,11188,1221_failfast::master,0,merged,,Albumen Kevin,9292748,210,2,11,1,2,0,b8b857f48def6f16834ee6756d65e7626238c3a8::4ac3d1e8a57eb41356b52387cd287ca4851e4e0e::
https://api.github.com/repos/apache/dubbo,10787,1022_backport_internal_error_codes::3.1,0,merged,,Andy Cheung,4351489,5,1,5,0,1,0,79ab4504efa382ecb4c6c42d9cb6731188337216::
https://api.github.com/repos/apache/dubbo,10471,3.0::3.0,0,merged,,Andy Cheung,4351489,5,1,2,1,1,0,51a4e7934bb3b9ddf2c2b9906a6cbfb4a4f50cf5::
https://api.github.com/repos/apache/dubbo,8432,backport-2.7-hessian-protocol::2.6.x,0,merged,,Ken Liu,18097545,607,2,181,3,8,0,6971c296a3592433ffca71722cf4be95ba5aa745::ff82b4598e792face8ff65ec218d645f0fd49e7e::
https://api.github.com/repos/apache/dubbo,8329,backport-2.7-reconnect-connection::2.6.x,0,merged,,Ken Liu,18097545,607,3,7,8,4,0,b7ddcac33a188eaeed413551143253bad1449b96::7534b83a1093e77a060998941f00702a11c284c6::489f729b5e15fc62ac5fef540a9b5f1995f0bce7::
https://api.github.com/repos/apache/dubbo,6618,3.0-to-master::master,1,merged,,Ken Liu,18097545,607,89,6530,6087,224,1,292f861f90f14ea7df3adc6a121e64f0b3127e90::85a97f71488b5758e1f5770179e24929a9ac54e3::117620f7f975fba2344d3c416c088ed333c40df9::2919c319a3fac18216d7506310bc733f849f7d0a::2f6e9c7302e407cce523e8f71ba3c5cf34c3c465::1850f5d4234720115b592eaa0e618b638942ba0c::e4dc8e996077bf73a222933df8049103fc0a7142::497fc6ab3eba27fbbce5e104c9e3c8d702eb7dbd::1ed9f16a1236c94ac6c1c05e6181643bd2b9dc0a::ffdd9cce19d4174d994db3bc4057ae6d37b05b6c::4b3a794668a53eee60badc987603d204b822dd08::eea22371fec47ce948956c541304ac5bd0b72dfa::6de9634c53452d94fad8b243e57bda6ab1b9593a::ef8cdfcf49ca73d3cb31bf594526311d3eabe664::2ad4fbe99ec99ddaa72d37aa263489269d0a0fd8::0ba9ffc6e8a16ae3397eb0f7b4996c6cb4446db4::80b22d61226d34f29c5350469a1b0cb002bb0977::838dfd6eda89e15887244f8ac69ffe6fb6123170::cd34cc5acece90fc95767bcd457c98403bc8aca2::7645134e5a217da1c8b0c62a7eb07cfe9140cc25::3d234d29fcd7dc67ffbd542edd7053d68f35c555::42f0529054187227dedd153b14d2b7b4605b8ff4::3124dd8ac5812a16c4774a5fbe03f985ea826f7e::e550cd3505065b8015a97c28061188c567b0445c::994f272e92e460151809a4c973084df66c26cde0::6649dd8ca602ee3d57dac8fce18d2047b3f886fa::a385d42588841e3c88472709b2067066b4234111::eaddea27d514dbca6d933deb51d1a55a2651b546::7bef5510c297536c5b8ada5a575c765ee73c9254::7702fcfa1b7dd62e947e9275a8cb3942640948a2::0d785f1346f48abf34a1a7690b437c3615780beb::a5877596454b4e0e1d9aa527c8a051bf8b071343::a27494f9b2d4051b95fb3755e48d6cfb7f704458::e17b4771ee4f77b71ad5d883b87557863ef2f474::f5ee266b181f6691c247cc6677f94348ed309d40::53f2322a5eae57d29caff6bef7631f8b90f4169d::0cd52b940c28e7fa94376f4a1e8f83e5da5b8627::f5b2ded03e22c55b3c998a51e1326e2bb223299d::c63b990193d5ab9ce0eaa52d359eb5192f555bdd::51aa4270098722a6100a4d34dfa2be47a9279d5b::29c5945b7416a985a355f5c2e63849d3f27f3418::6558cf921fddb2bbc8f00724f83dc19e055a9dbf::99c41668cbfee8fc4097e4b03cf32d754feb7afc::adba6d010d66af0af7eb148f35a0acb681e7360f::20cf141f2e8588e1695c37c14b4d89a268b96452::b33aef310dc2f5d3293cf2c3b358f5af6e382692::c682389634fed5f6b13bb6de0ab88e5757a7fe44::3810536e0fd6ae39452d435e1851039b2f96e599::193465525c3ddcfe7f10e3610880ac0d059e9277::adffd9213448bd810b3d23e57f6f42a7ee29bffd::c572c2cd2e5dd2d11a81825f50d22a1363eee1fb::8a414bfa925084e1875ebb1b0d180f0cdebfaa64::ca62d8352d7398a73f1a72097c665a9c3fceb1af::71189cbe4bf6abae73771c94a4a2fd9500428b50::a001f983b31b7174f01d9781b7921dddd6115c77::52b146faef367f9eac6b43fa2aa485e3fad218ef::730602c0c2cbb4119305fc53f52ddcf4f27b9d13::e7fcaedc9524af27bba762f28b368f37729b2832::4cacf33f785af73eb673f9f762537e176b518117::596ba5b07e0c6f9f7989c6c207c36bd59b5a71e3::cd44607560a24c1440f48c1d3bebbd5e4bca76c3::69202d871ff1b5168bb1af09811173b13b215436::540f4959fd7a6df4cc9c0b49ec277c0eae5887a2::4b1b56312afafb4c32cdf1e65fa02af4af5a09d1::bf34c16992a13a243fb36892e711921f654a083a::0f53367da09aa76720694cf17f5567eddc093266::9f13240835eb71b2ec2355821273921d49ab223b::5db015ccde960708decf19e07f40a1a6b4d95454::7acf2db35c614c0716301b0923b5df0517bd5a38::0e4bbb8eadb12e41eca5846030260b895516ff2a::7d95d1a82fae6eb902e47fd2454bff36f5bcad0d::0b3ecd2c3a56c8258fafb8b8cac8bfce2a1473a5::a3a7e15290f8a1976775cb38a606558e4395250e::82ee2eb50749820d0311c679bd2a0936356402c6::d3155fdceb27e6b1aa2fbba6342c2ebeed733940::1583bc63d02276b005bc2a11b72189540c3cf73b::b606cf3f11fa7abe08a2810bfff45d05b1d42ce4::05be1faa3993003e53dfe640fca5846aabfdf994::29b5ba3f7470e59331f49c2e5c6ff48bd05baf58::d07a0a55af59083b46f4f1c674735e9a2c957e02::8d2f1b080a9b3cd5a751cf4ce7295c9264232c85::e2a3de639a751c1ab0751b619ff2209c89dcbe64::f6378a19d5c0964dad8b5c22b9a93a9624130abf::37c673d368b9d38fdb28a7e7bd92b21fdf9dccf8::e4f6154950de1673bab867033aab8b42081d90bf::b1b6ef42421f653d21281f1dcb52db0307176594::ef9638042490c5d3c2ab217c64526e53c5cd9307::bacdf3789bdb67950c5cdb9b074396404597e4e4::e61edd5bad378ce91e79c20f680d49494a9576e2::
https://api.github.com/repos/apache/dubbo,5767,deserialization-security-2.6::2.6.x,0,merged,,Ken Liu,18097545,607,1,466,6,12,0,ce9090e9ac127c7cf8c7d1b837bde0b3773af33a::
https://api.github.com/repos/apache/dubbo,3336,ut-2.6::2.6.x,0,merged,,Yuhao Bi,1197310,38,1,14,13,1,0,1bfb2a221f21e59855f44d75a22d779fa59297f9::
