https://api.github.com/repos/python/core-workflow,319,fetch-no-tags::master,1,merged,CLA signed::cherry_picker.py::,Mariatta,5844587,974,3,3,1,2,0,fa0d803bfedad5d31f419c71c9febb675e84f7d3::e4911080ce2b8005fb1d6c63e14fb9cc0baa72fc::0837be72c8d08d85fc042288f66e31bb789475c1::
https://api.github.com/repos/python/core-workflow,315,fix-state::master,1,merged,CLA signed::cherry_picker.py::,Mariatta,5844587,974,10,663,661,3,0,ad1e54ad7985cb06dff43f101c5daafb97591db6::9cb68857e1c6c4534bdb1584e19857f2c06cdfab::3f29a0e69e0b05dd01c67c4c2b715afd0fbd27c0::e6e6c97cf3e77f4c6d7f00c9093eacf3b511380f::1c816d03b240a125dcb48d59bcb8bcf51a165d98::36f073212a6b241761c599309c92bb814a1486b4::8acc8a1fa5f9d179a1ea2545e4c8dd22fd9a8ffb::b90ac792c00506af11cbd6d59f09834fff0efb36::a97a4c88c8943c8b31c6c2be0a5d64006c3cb461::24d53949001e93621a1e7bd1e94d18c9bfa84258::
https://api.github.com/repos/python/core-workflow,265,fix-continue-with-prefixed-version-branches::master,0,merged,CLA signed::cherry_picker.py::,Toshio Kuratomi,209242,327,2,5,4,2,0,c5f7faf61682fd3b05e2472735407e570b2de3ba::f90d9933b12e1f81f6863c4ae58e028b27befb4a::
https://api.github.com/repos/python/core-workflow,193,no-branch-in-commit-msg::master,0,merged,CLA signed::cherry_picker.py::,Mariatta,5844587,974,1,8,3,1,0,81b94d8cecb5a9162cf2e6b8013c91829e20c747::
https://api.github.com/repos/python/core-workflow,187,issue-96::master,0,closed,CLA signed::hacktoberfest::status-stale::,Pablo Galindo Salgado,11718525,847,2,312,0,8,0,53dadd2a69fabb01a193778b101763466a46043c::127522dfbd5fdd3c58747bcfbd5103ea7fd9e8a5::
https://api.github.com/repos/python/core-workflow,179,print-url::master,0,merged,CLA signed::cherry_picker.py::,Mariatta,5844587,974,1,2,0,1,0,5154f160ce12727156cc01fa39b408affd8025d6::
https://api.github.com/repos/python/core-workflow,175,use-gidgethub::master,0,merged,CLA signed::cherry_picker.py::,Mariatta,5844587,974,11,76,6,4,0,ab5bb3046809a321563444f266a3fc58565101e5::0f76f040e474efb73a98bc1b6677b47c3d941d73::bea15f72b42269c93ec048f32844b13f891c5d25::015e961ad0431ad55c43ec84b73a419fb04de8bf::3a9d825f70d8ad0b68ccf3bd193b7cdd1fc34e27::7205d6cea6bd97d81f32044139bccf6dc6090589::d4ac13189c06bfe9d5a5be8936a3b85bf46e9b7d::2e91907dcce7e7e26bf8a201188230759ae0d190::40a047f3064e1d033697d0413c73aa30ccee4334::1db71fcf7c5d656ac1f4f9e925f0a24912b43b37::cbe3841be820cd778bb410e89b37bc6e8ec93f91::
https://api.github.com/repos/python/core-workflow,143,blurb-3.5::master,1,closed,CLA signed::blurb::,Serhiy Storchaka,3659035,401,1,40,40,1,0,7600d9ca221ff33bdb3471f22107055d2b2c25e5::
https://api.github.com/repos/python/core-workflow,123,update-get-branch::master,0,merged,CLA signed::cherry_picker.py::,Mariatta,5844587,974,1,3,4,1,0,1b407efe5ef42ba9f9d134346e8a08f14b2969f3::
https://api.github.com/repos/python/core-workflow,109,issue-108::master,0,merged,CLA signed::cherry_picker.py::,Mariatta,5844587,974,1,3,0,1,0,6f8bb81bbb79637f8ad89e8a5fc69dc2fe11a3eb::
https://api.github.com/repos/python/core-workflow,57,err_handling::master,0,closed,CLA signed::cherry_picker.py::,Mariatta,5844587,974,1,65,15,1,0,19831ebae2954150073592c50badd4ea5a865ad3::
https://api.github.com/repos/python/core-workflow,53,issue-52-add-cherry-pick-dry-run-option::master,0,merged,CLA signed::,Alyssa Coghlan,1026649,416,1,81,33,2,0,5327a7aabf904731fdfad4ea8be3027028ed31ea::
