https://api.github.com/repos/python/typing,1198,best-practices::master,0,merged,,Sebastian Rittau,52799,42,3,11,2,1,0,979f21ef63cdf5a006a2b8d73c17b245bbdd2d43::954087974a08a510d93a387a95390b7b7a571e8f::52a4bbd689b1bd6b676b1095751d8293bd047e9d::
https://api.github.com/repos/python/typing,1060,never::master,0,merged,CLA signed::,Jelle Zijlstra,906600,635,4,172,24,4,0,2faa2a811b951a9d46e449ea2083d76652862871::508b75ec6a803fd87d3134101cdc6435de484b5f::3d9d7d75ea4c9d414a343c7fda951ba578be2b90::933d5824752f05b94d5c95789ad29a2acaadc707::
https://api.github.com/repos/python/typing,1059,backport-46676::master,0,merged,CLA signed::,Gregory Beauregard,1444900,1,3,21,0,3,0,49a64547b6c68ab2c2aac8035101c89a94fab1ed::94ba17ac8497a97df29fa57312f5e95ec6367983::3496ae5541bbd575421fc2d569d94d4f57266ab7::
https://api.github.com/repos/python/typing,1055,revealtype::master,0,merged,CLA signed::,Jelle Zijlstra,906600,635,3,36,1,4,0,8d98960bedf8b062be11ea96a5de37236975a5e6::9d92cc725d5e6eac46612c86a81e95876bc248c5::53d17885dd7af7856962dbe23232dd018831bf91::
https://api.github.com/repos/python/typing,1049,backport-46491::master,0,merged,CLA signed::,Gregory Beauregard,1444900,1,4,34,4,3,0,f4afacebc43d9069324ed83ba7e89a66b37d56de::eded83e81b9ba3c6affd6c22a326fd35ee93ea97::321deabef349697275ae565de3da80be205ab19c::dc15826f55d5d8b601cf0f8d1bbbe6055e9af57b::
https://api.github.com/repos/python/typing,1028,patch-5::master,0,merged,CLA signed::,Nikita Sobolev,4660275,4663,3,25,2,1,0,54a1f9232d1cf2338e65b7f55a2fe527ba1c0935::21a4f9d06cb9d7608102ef29f1839d7f9f9eab88::a12828bcb908a1698004161c24f8a0030291aca4::
https://api.github.com/repos/python/typing,1026,bpo-46342::master,0,merged,CLA signed::,Jelle Zijlstra,906600,635,7,111,6,5,0,a8610f59e3b14a3499faf1bd79ff46a3a8f9f9e1::104ade769d6e042bc4925c137e658be93b9d2567::b505316e673fafd62979f6e757ed129007798a71::0930f2cf16e743f3699ad65a976137aacad0785b::78fff98811193f9b20cd9b658fc37cff5c84241f::c56ad697ffab75e54a00243e417057f9eb227349::fdd7d5f98398b94ffc0570bf16108afdd729e06f::
https://api.github.com/repos/python/typing,1006,drop-py36::master,0,closed,CLA signed::,Adam Turner,9087854,89,13,680,2172,6,0,f5ee89b21bdc144ee5de53ae982c320f38c667b8::4632da1b57a722a650404cf0067d8b82e384ca80::a629d6802634a2fd9e30c1a319f7ef1016a6cc9c::ccda55bab202a0d6ad5552f88cebe32608039ff3::2ea345ca7c79d5fa62c4e813752e06015ae1399f::5394de39ee70337ccbb0c5f2544c2f42ee000623::9571f6270aa8c20d0670b750559c401d404b1e49::0dad6de60e2fbab6a49e9b9254d7f1f3ecf77e72::d60c0db54c85fb1506c7b0f7387c34c3960f9779::6b450a5f4536333fed0c9b04a20c9145675b904b::e4dad5a80d5cdcd27b98d362a285085502c790b6::011ce0314eb7bad2763f0150b76d17f06f3180a2::1a19539fe69489cb6650db1a65aaa6cd4b1d8002::
https://api.github.com/repos/python/typing,944,patch-1::master,0,closed,CLA not signed::,Bluenix,38372706,58,1,1,1,1,0,86a82bb11f7eb5b28c29954e727fede964fcea22::
https://api.github.com/repos/python/typing,882,remove-typing-backport::master,0,merged,CLA signed::,Sebastian Rittau,52799,42,5,13,10734,14,0,4a8fd58dcb0fea32bc5eaa562549e72133c4e2d0::bca01efd6b88dfa0fb3cd8e8e0f28d9b34a97f29::fa68c2ccc21c5d108f9f497a1dfbb2b57694564e::543be6060c0da7c973f966acd4bc7426276a3bf2::84d440a22dfa7bece0c8fce6ee30cfecf2027882::
https://api.github.com/repos/python/typing,876,fix-ci::master,0,merged,CLA signed::,Sebastian Rittau,52799,42,10,30,15,2,0,a6b5de3617a3bdde732b399539899d8fcfa4cdea::fc53a44762cb9ddcc5c1f00d03dae4f8a45b271a::8a90500576092d4fbee54aea98118316f5bdec07::90c211f14c5594ae1e154766c9f2c6549e94b525::1afb1102681a03a8c4f27a9d8ec466902efdd707::27b5031ef18e3cb1ba652bf5c7c6ae357ebe399e::4e8293a7ddd2b76873c38f877c6672eab06f9390::34eda40c2a9a7f16e052f09b7a6d385a64fd01a9::c0043b4a7a082b33f7b118f8ed35f60d22cb4c58::5d9102a3f8841a857f539d588fd6a6351fce3ef0::
https://api.github.com/repos/python/typing,803,typeguard::master,0,merged,CLA signed::,Jelle Zijlstra,906600,635,9,337,2,3,0,d36aeee08f8565d18de0eb8545aa9a18f569fe0c::d999b9bd76fcc9047f473d086ea1c59144524c03::441c522466150aaaaa1ab3c807ef795fd05d6c62::43b9ed914ffc41440f6adb9a004c62dd3923350e::bcecbdbabe55840a96ccd59c0e844604957e480a::1d87beace287b28d7821a72971538eb55dc9fd2b::cbe717eda51bc4af9bbc8240cb06f19f4e8060ed::10425abf4dc31ec401b10b7b07b2822584638eae::cb6889c0afec784c8acfccb2417ab03ce326fd98::
https://api.github.com/repos/python/typing,798,paramspecargs::master,0,merged,CLA signed::,Jelle Zijlstra,906600,635,7,174,14,4,0,74219f23ac9b0b40d86408180d62faed8bb1ce85::5756b5117d045e60226a5b86d15306e7013fa25a::fb3ce1f15cc568642791ab75c0a768998df4f36e::ebc545e269c47d6f2adf890337126b8934439f2b::2d321447ea07a45ff76c661d1278cd60a61df0db::e55afd5d44e411aa92353cb7e12380d887c19c89::c2e67e655e6f81bbc2053dcceb599d0559b899c0::
https://api.github.com/repos/python/typing,784,patch-1::master,0,merged,CLA signed::,Daniel Ciborowski,9027725,42,2,1,1,1,0,a045e1b42d623e9bc8f9b8730f756fca927f7f1a::ab9af381eb512c2c2934a939edb0569b51d55478::
https://api.github.com/repos/python/typing,704,forward-ref::master,0,merged,CLA signed::,Ryan Rowe,14118605,4,1,125,3,2,0,8ea8b2e419eca5bdafcd358c4ad079c4b80a7ec1::
https://api.github.com/repos/python/typing,698,backport-get_origin-get_args::master,0,merged,CLA signed::,Jakub Stasiak,36209,50,4,53,1,2,0,e4574d11de96632b0fc55549ebcc14ff9338e833::1df2f26a352aaee6ec4cd2681f29ea2094aeb4f7::4f653d2ecd80995f775120773e4d4c4a7ee3b5a2::88d8faea72f5904971987d57ee61aaf21590e1ed::
https://api.github.com/repos/python/typing,687,TypedDict-runtime::master,0,merged,CLA signed::,Zac Hatfield-Dodds,12229877,330,2,38,9,3,0,0db8070ac2136380e40e78ca4a152a5a2517cbf0::a025736d55dea862f30d0ad5ebb7ee4ba38b0935::
https://api.github.com/repos/python/typing,686,backport-typeddict-namedtuple::master,0,merged,CLA signed::,Ivan Levkivskyi,12005495,241,3,140,9,4,0,8fabafd00ae643c213f3c8e3c8d63adaf8e34dfe::1b114b0bf9dda85d0058f19545b74c188f3ce32e::05119ff3968b9557009904381fc1092e6b1e7b28::
https://api.github.com/repos/python/typing,650,fix-iterable-python2::master,0,merged,CLA signed::,Ivan Levkivskyi,12005495,241,3,70,27,4,0,bb93ae5fd67f8a5c6a3b260292e437cb684c7099::dde8341c17219bb524e0d306ef439fdc1ae6c8a0::f7818ba91006a959cd02dada30a8e8046110ae3a::
https://api.github.com/repos/python/typing,639,pep-593-py3::master,0,merged,CLA signed::,till,299998,28,4,402,178,2,0,05dd8ee470d966b12d8dc571ee187d10d836c6f9::7f2e69719cc9195838a58c0bd54606bd8293dc3c::d78a6b36a09bee26b43badb6d06ef119d48d55de::68e15c6e4f1606f408488a9f17aba09f7298bf7e::
https://api.github.com/repos/python/typing,637,pep-593-py3::master,0,closed,CLA signed::,till,299998,28,2,463,187,2,0,87225092607eadee8eec43c505f6f04b1f13d1c6::3a20f8430f2aa7a67d64e177f16c00e8fe5dc47f::
https://api.github.com/repos/python/typing,630,master::master,0,merged,CLA signed::,Paul Dagnelie,142840,13,1,26,0,4,0,f1a6c31d35602a149d4e5002380f977555653f3a::
https://api.github.com/repos/python/typing,560,backport-generic-new-fix::master,0,merged,CLA signed::,Ivan Levkivskyi,12005495,241,1,14,4,4,0,a9b24bf724a652b48d0072d60eee09c61e013e17::
https://api.github.com/repos/python/typing,545,aetracht-patch-1::master,0,merged,CLA not signed::,Allen Tracht,20228087,1,2,2,0,2,0,880d66fc48d2188c8a001d1b9bf6feeb80067442::0576db7f9d42ce844c603289ddd15a5b0393b4a1::
https://api.github.com/repos/python/typing,517,generic_dunder_new::master,0,merged,CLA signed::,Chad Dombrova,63251,166,2,149,4,4,1,f5b9c8112b31714daad31ba0ceac83c4e1454b2e::23674e6908367ff29f9971618efc618b70a23335::
https://api.github.com/repos/python/typing,464,protocols-typing-extensions::master,0,merged,CLA signed::,Ivan Levkivskyi,12005495,241,35,1716,5,6,0,1ebd3f5963ace7241f3c7d0794e838fcbe824955::37b6a7ba44e81a5ea63014c9f25f4a7a56bebff5::bb3a8a9067594e1a0ae5d0d3a9ee2fa00e822ec8::d8ae30ebf2332cf0e239fa7a58c052be5c425685::a4e68ff4515457c4f83b0c07030ed44b9ba4f95c::c8076ee0dc40cca660f2c5ac2d089d40a0611ed0::80e8014411e1d66a30a5b5684868d4fc270032a4::a6a631a876992fd453004bd49b5ca1ee93599102::5913fe6f25418efbc5904415d363f42652255e2c::faf4ff08f2be895285252336bfc4c7e7143eb3b7::c7f6b68c3a49416489c55a46e0cfe02660f48a20::8151355076da15585be9c57868ccf3f02e5ab461::76a7ecd17d183fcbfbff6dd7a32dddb9f3fe38be::95faebe9a82d41313d28ab66c28c73aaa759e154::04f1c511dd2fd7cd814ae55d4d203e8c198540c5::ce4e04ffd3ef2dcecd5f91f6c34d14061d660dc1::a7cf2fbe24317d9baa95203a0c4e67828b73a8c8::8b50c605d278ea177a247d0653c32329c5783f80::1dc1971d6a8a387cd76167f5acee7b68be402e94::e25077f813c6f724314cd1388a99955c62122644::1c1d9fed02756ee68383afeb67c1cafada3e4c29::9b22594235ffb9b1a881a14bab06a4aa17892c8e::458b232305a0a29a589d8620557c916cdef3485b::dbc6defc218509209086aafca874803e172d0a2d::31cbe0db5369bdfe2b1e7eac9bb8660948f62f02::171b1e50e9fe57f419754397d0f16e819c186fbe::fc0ec944d8e86d32e649b47979c0212819f1b01d::f1f478a0fc2ab03471b2dc0196fa33fb97f12d56::8652cedf6ac3fa886df3fee9bb57b89a0a1dec59::8f0a778d48b894ff6dd4d86226445c25f5653029::23e80da6c1ae44f0c25c736c7200a8fe9dbe6679::dc01948fb0fb93b0be4094a8580ee054fe64d144::733016df5261e19c93c77fa9cfc40cbf7091a1e8::8f1268949cf21138d611ffff21f3593d9ff8524d::a4d397ee2ec0836a914f69e2cc08478b9ab01f2c::
https://api.github.com/repos/python/typing,470,globalnsForClasses::master,1,merged,CLA signed::,Łukasz Langa,55281,1995,2,94,22,3,0,8581ec217b5e0d198ca1f213d2c1e0bb82311b4b::4cc96aee42ce60deb34d22f899d01e06f4a2631f::
https://api.github.com/repos/python/typing,443,add-typing-extensions::master,0,merged,CLA signed::,Michael Lee,1424628,155,23,1751,4,9,0,591f73721a416e854c4b5efc3d613df7c7835eef::ed2e14213b1a25b026ddacab47fd00695b3185ad::eb1e5d76f9652f2b871eb26c2213eab03be68dd4::bded0155156d562e44f1b691a606d0d516a8ca5a::449a339b7525716a4ee8f37a2b58213de551e32b::baa6ba70b91ee3cde9bcfea91f34dfec224ef28c::5f55de20578dfb1753e1f0cdd33b89f56df2ba40::d9d10a5d2ee794f40f675cd6d96673c4cd57a3d4::2746faeb9c001b8d3795db71f82341a9fe12100c::292deb91f4c4158c2eaaca3419a76617675689c2::11e98eeda279fa794a0407639c36f7b8717db4cd::9cc623688a193eb40fc1beab80607d48a7a7ce5a::ea77bf90c091209f03c14055d2b88aacee061fb1::5e243edcd4ba3e55690abb82141ec2c9f9c8e3fc::eac513cde2831255c5b99c82f168133369026224::ea52ad82b8417167bb03c834eb0c849051b08ae8::dd9f31cd16230b7b8f4709bc45da41ef09ec5abc::31de56114afbdead76d3f18c230d121664afadb0::67a20cb54f8b100fba6700a98c986819b6ade3a8::69872471a961e122806ff2e6c57404cb6fab6aac::eab214c19bb9f767b5e8e00c40c50eaac81806db::11c0fcfb9a193670b03fbc02b26923f67f06677d::76cc99d76b337b29ec42a2a2477e3df5cf0a5a5f::
https://api.github.com/repos/python/typing,439,speed-up-typing::master,0,merged,CLA signed::,Ivan Levkivskyi,12005495,241,14,56,97,2,0,e41612722ea47c93fed58774374cf2bb2e897db4::9c60a07a30f7a0fc370238dc63c74c02e89e38e8::7d192a4b191151fa236e717df9c93ddcc901e58b::f5881a248233d6822a940356caa2ac39f2bde173::03185712849f49372ab6d741e2cca8557b3abaaa::e84c51fd05b11f6b8cbb0c788318bd431dcfc302::b5152e2363b30f07a9ca303bf2755590015840db::369b252f85440a3f1b24c3bab254a2ebc5d310fb::0d3dde6524e1c14b513829f98f2cec14dd5b9220::ba3ffbd624fd68e8980d2bfe6bbd029b42b6ca05::630aeef45832b9f2167791dccde732a60b664816::995572fcd204afb2cd8e194e3a114abb8c096aa5::9d54a4a032bf9167736449cda82b677d10aa3ff0::6b223a1d2890abb4b457c42a40d9637e25300286::
https://api.github.com/repos/python/typing,419,apply-changes::master,0,merged,CLA signed::,Ivan Levkivskyi,12005495,241,1,28,28,2,0,8210959b2a69cfa839a3b941888d3fe87b08a778::
https://api.github.com/repos/python/typing,393,play-with-descriptor::master,0,merged,CLA signed::,Ivan Levkivskyi,12005495,241,3,68,0,4,0,392c6d94bdfd4e436d55134bbcc5750f70219b7d::db133c1bfe9895eeec037c30fe72cbc75c190722::dce0a273b0f7b076ab40a963b6d8736b35fb2de1::
https://api.github.com/repos/python/typing,326,backport-cleanups::master,0,merged,,Ivan Levkivskyi,12005495,241,1,4,0,1,0,f38f32b51ea7699379f51477877758eedae0271b::
https://api.github.com/repos/python/typing,325,fix-refleak-problems-2::master,0,merged,,Ivan Levkivskyi,12005495,241,1,4,0,1,0,11e5c86b4ea7d5a2cd1852a865e08352295574b3::
https://api.github.com/repos/python/typing,287,master::master,0,merged,,Ivan Levkivskyi,12005495,241,2,167,67,4,0,e98409e50beed03cd5127236b49bfe4370c00f81::7991496aa8302a440146a437f3b0cbbd017c07e8::
https://api.github.com/repos/python/typing,282,master::master,0,merged,,Ivan Levkivskyi,12005495,241,7,70,20,2,0,9e191fb2056cef7a7cb1d338b584bc303ccdc268::e2dad0f689742a2784d8c5f0596f21a6d38ca671::6e4525d81f99cb02a7e5e5e5fcd15e89032e01d3::6352eaec68b676ea7c8d543012a3df34fcb5fdc7::ce6aa0da7e2de1f1ae4dfd4d064a47eeca5ce79a::170408d603b32388b8f739801edec5071b014ab4::11b69402653beae8ee870ea7d63365921a988454::
https://api.github.com/repos/python/typing,233,fix-element-229::master,1,merged,,Guido van Rossum,2894642,21056,1,40,6,4,0,8ab2166b429af7d5d75b2c617e668aa6ca898956::
https://api.github.com/repos/python/typing,201,tuple-equality::master,0,merged,,Kalle Tuure,7081785,10,1,16,2,4,0,4ad18e2a9fe62ad3de21a79107b8dd7155a27ff2::
https://api.github.com/repos/python/typing,199,contextmanager::master,0,merged,,Brett Cannon,54418,1953,1,25,0,2,0,0aa6002e303d43ed0243b1b3fa5cbfef48a6a7b5::
https://api.github.com/repos/python/typing,164,python2::master,1,merged,,Andrey Vlasovskikh,126891,311,2,2718,4,5,0,2d419e4c85eaec0ed36ebe5d938108d74ffd2d23::2aa13741538068a252733d4f339ab6c600d9de26::
