https://api.github.com/repos/apache/doris,25547,branch-2.0-scan-memory::branch-2.0,0,closed,area/pipeline::,Mingyu Chen,2899462,208,1,70,59,8,0,7002ee48b38daeb5974d20aec007be8d06bb8bd4::
https://api.github.com/repos/apache/doris,25968,release-2.0.2.1-stats-meta::release-2.0.2.1,0,merged,,Mingyu Chen,2899462,208,1,28,4,3,0,7a29c9cecfeed4aaa87052eb4e0ec55f01c0c7d3::
https://api.github.com/repos/apache/doris,25862,backport-25813::branch-2.0,0,merged,dev/2.0.3-merged::,Kaijie Chen,5821159,86,1,3,0,1,0,68b1b619387bc31bd99d6f9c037fa294c08bc235::
https://api.github.com/repos/apache/doris,25856,bp25691::branch-2.0,0,merged,approved::reviewed::p0_block::dev/2.0.3-merged::,Mingyu Chen,2899462,208,2,76,27,16,0,513dc149d8f952c34c9ef449c78ff5d602a7cf17::0910557fd08002fa430e4f4827ab875b9fd4e0cb::
https://api.github.com/repos/apache/doris,25850,bp25803::branch-2.0,0,merged,p0_block::dev/2.0.3-merged::,Mingyu Chen,2899462,208,2,140,2,4,0,3e69bca78599e562dcaf9dfcf43ffb024de37e56::e6035cf29588134bf2f69ebf03b16a508cc2165b::
https://api.github.com/repos/apache/doris,25743,backport-25381::branch-2.0,0,merged,dev/2.0.3-merged::,Kaijie Chen,5821159,86,1,73,84,15,0,f01e7f03f9fb588c178f8f7794fe915aa075c269::
https://api.github.com/repos/apache/doris,25396,backport-2::branch-2.0,0,merged,dev/2.0.3-merged::,Kaijie Chen,5821159,86,1,1,14,1,0,80d91c1936928b982075b3ed3ec0ed01221c82df::
https://api.github.com/repos/apache/doris,25385,backport-1::branch-2.0,0,merged,dev/2.0.3-merged::,Kaijie Chen,5821159,86,2,8,4,1,0,4b179a3accf87bb72fbbcee414e8633c8a97060c::d1c02211370b8ab65ec84a12b2616bf2512ec75c::
https://api.github.com/repos/apache/doris,25384,cp24706::branch-2.0,0,merged,area/planner::kind/test::dev/2.0.3-merged::,Mingyu Chen,2899462,208,1,463,428,29,0,8b9b15fd5dc72ae800a089e99902887764f739ba::
https://api.github.com/repos/apache/doris,25382,cp25024::branch-2.0,0,merged,dev/2.0.3-merged::,Mingyu Chen,2899462,208,1,226,51,10,0,a6669c1483dff02809c848420f0628216bba9a7c::
https://api.github.com/repos/apache/doris,21784,streamload-profile-1.2::branch-1.2-lts,0,merged,area/planner::dev/1.2.7-merged::,Kaijie Chen,5821159,86,3,38,2,8,0,82173c3495108bce6b85a270cd4550bfb1f145c0::04ee9265a71a70868347aaa4ccae8bc79189d285::e09958c0866b6dc0b71f07f2296ba7bceef6fdf9::
https://api.github.com/repos/apache/doris,19724,branch-1.2-lts::branch-1.2-lts,0,merged,,Adonis Ling,1443003,60,1,126,103,2,0,caa4ac905e75aaf5ef827a9cb25e48e0892549d3::
https://api.github.com/repos/apache/doris,19680,branch-1.2-lts::branch-1.2-lts,0,merged,,Adonis Ling,1443003,60,1,2,1,1,0,bf8f4a8dd22567b081ea8b554c9e99dc7d9ea5cf::
https://api.github.com/repos/apache/doris,19524,branch-1.2-lts-dev::branch-1.2-lts,0,merged,,Adonis Ling,1443003,60,1,13,1,1,0,c7571c550547b514c2b8b468575e30e28dc63794::
https://api.github.com/repos/apache/doris,19522,branch-1.2-lts-dev::branch-1.2-lts,0,merged,,Adonis Ling,1443003,60,1,5,2,2,0,7ba834757260d3919987c9e34cd86baeead8142e::
https://api.github.com/repos/apache/doris,19383,branch-1.2-lts::branch-1.2-lts,0,merged,,Adonis Ling,1443003,60,1,24,4,2,0,0eb344b247c9972b127f95fafc1bcf671054d6a6::
https://api.github.com/repos/apache/doris,19162,branch-2.0-alpha::branch-2.0-alpha,0,merged,dev/2.0.0-alpha1-merged::,,19361501,1,1,1,1,1,0,a7cea5bae51916b16a5ad6ddfd09d5f1ffc5eb0e::
https://api.github.com/repos/apache/doris,19084,branch-1.1-lts::branch-1.1-lts,0,merged,approved::reviewed::,Adonis Ling,1443003,60,1,1,1,1,1,b9b74054593fd13a165d0a4317b821be5b3ecadd::
https://api.github.com/repos/apache/doris,19080,branch-1.2-lts::branch-1.2-lts,0,merged,,Adonis Ling,1443003,60,1,1,1,1,0,50d7eafb053b8b09daeda47f44ecec718deb4eb1::
https://api.github.com/repos/apache/doris,19007,branch-1.2-lts::branch-1.2-lts,0,merged,kind/docs::,Adonis Ling,1443003,60,5,19,13,9,0,ac41cfc7e72221ae1ddedf3c6602154b86942704::12d6bc300dde738f0ca69a1ef1b8f66b273ccf21::9eddb53fec8544b08fb1d29d751e24149580b0c3::a4ad2a8a1329f48560008333adf8829678aa95c2::b21db5d75b691f28adebf957aea1ffd657302c18::
https://api.github.com/repos/apache/doris,18661,branch-1.2-lts::branch-1.2-lts,0,merged,,Adonis Ling,1443003,60,1,7,0,1,0,5970996fa084f71007cb37e458be2eaf836f4f24::
https://api.github.com/repos/apache/doris,18552,branch-1.2-lts::branch-1.2-lts,0,merged,,Adonis Ling,1443003,60,1,49,24,5,0,671041606e6fce5588467a15d66b8b7affcd7614::
https://api.github.com/repos/apache/doris,18415,branch-1.2-lts::branch-1.2-lts,0,merged,,Adonis Ling,1443003,60,1,1,1,1,0,99b23baea2b31c553c23b44283f02513780d1afd::
https://api.github.com/repos/apache/doris,17451,branch-1.1-dev::branch-1.1-lts,0,merged,approved::reviewed::dev/1.1.6-merged::,Adonis Ling,1443003,60,1,76,14,4,0,258836481bc8ebd768f4864f29bd22546be78baa::
https://api.github.com/repos/apache/doris,17440,revert-17396-branch-1.2::branch-1.2-lts,1,merged,area/load::kind/docs::area/planner::area/routine load::,Mingyu Chen,2899462,208,1,64,523,44,0,638286fc69f04432ccb20d23bc6838733fa2ea91::
https://api.github.com/repos/apache/doris,9318,dev-1.0.1-bugfix::dev-1.0.1,0,closed,,Lei Zhang,27994433,8,1,1,2,1,0,ab3d3737919cb5efa2f13bbf4d4d66176f11508c::
https://api.github.com/repos/apache/doris,4180,master::master,0,merged,good first issue::,Amos Bird,5085485,304,2,6676,3,80,0,428e427b592709651da78e15b1ad33d6b1649651::545a22a3088d1a94b947a43cba7339262c405e40::
