https://api.github.com/repos/apache/arrow,38375,s3fs-init-on-use::main,0,merged,Component: Python::backport-candidate::,Peter Andreas Entschev,4398246,46,4,18,3,3,0,220745ffbd2c5fe8a9769434eaa465a725e25280::50aa5ee775246026c934ba29c189967d8c083af6::58097e91a305ea05aa7efc24db097a5289b514e4::a164f250aae579a487304cbcd3d974af662e39e4::
https://api.github.com/repos/apache/arrow,36583,ci-cpp-homebrew::main,0,merged,,Sutou Kouhei,27350,487,2,18,36,2,0,e663975d5369e29d3765442415546bb594b18eca::aac3d8d6cb5672d3fc195f3abcdc756ed9f21e09::
https://api.github.com/repos/apache/arrow,36575,GH-36311-utf8-slice-bug::main,0,merged,Component: C++::Component: Python::,Ben Harkins,60872452,4,5,51,6,4,0,3a5f28620e155308e4909fc8ec06fb8af3e19374::40a7afc8612c434a80cf388ca22f08e1f06f1545::f6e013e50f547ac87b95d0c14264a9ccafbb6ddf::03fa729d317545c9a41668cb34fc4aa6b83a75e2::58eb8737405fe177c17ed8167b94acd9dad2cb3b::
https://api.github.com/repos/apache/arrow,36211,upgrade-netty-36209::main,0,merged,Component: Java::awaiting merge::,Bryan Cutler,4534389,151,2,4,4,2,0,fc7308886eb3ca1bcaf0fba860eb44b78a6adc45::423774b61d251349ecdd1d5099887ef7eead170a::
https://api.github.com/repos/apache/arrow,35816,maint-12.0.x::main,1,closed,Component: R::Component: Java::Component: Parquet::Component: Go::Component: C++::Component: Python::Component: JavaScript::Component: C#::Component: Ruby::Component: FlightRPC::Component: C++ - Gandiva::Component: GLib::Component: MATLAB::Component: Documentation::awaiting committer review::,Raúl Cumplido,639755,80,55,3784,740,230,0,6dd95ee81b0d292b504590e0328dc205f14eb1ec::e5f41e91dcf79f3278d5de836ae61a0c2023f89f::a275bc2cd18aef5859e3734896c2a1aa711c48b4::0bff85ca9efa1c07ef6d9ada2ed6b9d7704507e4::b2b9aaeac544bf80609b6f7412775fc9e2a6e486::2c81132edfa33638312d8692dd2f5a12c7c207b2::89a9b2f178474680379526809c27ebef188214e7::ffa2ac5f670c7d4393771751520fc72ca1fd5ea5::e26ab92a467e07fc8710288dc09ae1a3a9aa060b::6e80cbb7adbc9920fde697be7c8ef236ca0b7017::450caf295e3cbe914eeb8f014ae14696da351d94::0b574ec6b4806dfe8dd113f3f1341aecdfafe261::e95089e1ad857488eacdd43f2230b93906292a67::1c17d94da94188c0705d8eb15b2dd29ca81982ee::6d944a034abf855e883300d44bd2200671a98362::00ee100c704b7c3a9136292578a5e4ddfde8cfcc::0f54911cc6dfe487fa1ca2df6ce4089d02a6d2aa::b2b915796dae045e1af98dc87211227ddcdf53dd::ece305037581ad9894e5aa18d155904ef2f49f34::00031f9c3d30971f59dcc11030def9bd895b81f1::006e57f43bcc75628fe73563d1c7de3f68d7ce1c::897c37da6defaec1a9703aaf867889f75ae9dd9a::8a84f4f9b26b3268df4b9bdd5f58f4dc44d55d79::d9590fab0c6e8bb456b54ebd69a2304423dbad19::90964011ef61f535c2e0a8a3bfdc3f52915b454d::9736dde84bb2e6996d1d12f6a044c33398e3c3a3::cfdb8cce04a6ff42702318f79204c014606960ca::35a67867fab80b0c0b224cef7b5cd6576f9c030a::59f546c0c833ff798bbca1e4eafc977626ea2025::8ea2495ee0a199eba39007cc4124156d88933b69::83c986de64f99d6199094a5869a159003b5e59eb::05d82b4ea8ffcb38f9a6b6ce80e890a3de0b4b65::5c9df777a54d73eccadb0443c90d934fce0cd36d::d151bdbd7d53ece213d10f27c1e39f3794f023f1::70e13546a7ee5318ae3aedcf5112ae67ec1866b9::d563c0664c8afe345ae14adf358fbd3b22dd61ec::d9cfea652c7b50d38c09dc04241d14e819916b65::fb0e1f7baa01cc2906ae797fce8d79a04bcf4494::73cf58814d2b26bb8af855b696b68397b61d5310::4295e3dd06f9f507f75ccc780eaca16a6b621a02::ac8e8b325c784372e38ff2b3f6f8ce7abf261737::9e958350ed76b3d49b3438b32aecee97612160d3::0f6729df2fa9969469d1b1d24244c4f600b47f34::3718c6607bf1718311608989df9434f071101d05::4a1aecee2f096f3c07cb61f93be074061f616ae2::d329369f9d94b5f3cce75ac69d622343cf91bc6a::260d214657b96203bea003e74e65d42d9e489f37::3d491bfbd27f01c7159a70f6371e1ca8ae3857af::4419453bfbca313bd2ed569623230c87f38049b7::c12b9d91c1b8ba281f65f87cd3ef313db4d5e260::03348209ae28ccec4dea82b4922e4d63457915ad::a40a7026abb64867d2f6d7be27250fcfd8db217a::72f3a5c69d34510925d4e97691dfab82609bf9f1::25cc3a4ca7ceb7bca087cb287616a6b84d3f6102::eb89c633abccd463f8472eaed37aa12c5f210a27::
https://api.github.com/repos/apache/arrow,35637,conda_update::main,0,merged,,,33685575,39,10,687,220,28,0,85ffea19cf4222f2e9290c266dd1c65438a32fca::5b8f4a9e7d8fbf796b1e9632053fdd1657fd8d17::45a24c36017d4b41de28b7ad3a34e4237963870a::03e6af5e784e5c0c8ae90b5d040e47c72040685b::8ef347bb3755415978df3eae499caa8dfc0dce39::95effab24fcf5caef2bf2af816fc3b176054d670::1bdaefa13e5e3e678ddae183808d1c0dca8a9f0c::e9e66054de3fa3a7b6468740ce678951c68de239::10e3ceb954aa8f2ab78b2c1fe49d3cf0b7f1f188::17fc588c431640589d538ffbc7ee119df83153a3::
https://api.github.com/repos/apache/arrow,34961,test-util/random-nested-fix::main,0,merged,Component: C++::awaiting merge::,mwish,24351052,423,2,44,4,2,0,c711cd18cbb3067be414f956e81ae95f72a1d1fe::b8d3cd7c3e250ffe2182490b641c0c49e26f046c::
https://api.github.com/repos/apache/arrow,33940,feature/cpp20::main,0,merged,Component: R::Component: C++::Component: GLib::,Weston Pace,1696093,37,7,58,67,16,0,e00181d14c447eb53ab933a4769f9712dbb271a6::488d6c7f5cf43a4800070c965eab6c70c1e6d001::ebf3944cd2c85646fed959eb94abe3fab06b40e3::d475be774d891020401411269711eb0597f41277::77049d0bc79baba1af754769c04154e7da9668d6::42b64c0278ca5909f231d37d90c9d1cac1864e1b::caef3186e05b819dc2ebfdd686895169395d9330::
https://api.github.com/repos/apache/arrow,14372,ARROW-17988-index-sequence::master,0,merged,Component: C++::,Antoine Pitrou,1721820,457,1,4,66,2,0,4279f5064b78b8307fdd778a87e640698a16782e::
https://api.github.com/repos/apache/arrow,14341,ARROW-17619::main,0,merged,Component: Parquet::Component: C++::Component: Python::Component: Documentation::awaiting committer review::,Rok Mihevc,54589,63,78,825,92,8,0,c35b86c62d2b5c3f4e6dbc02d777ba85ec90f243::0eeea9639395374b49a708593335a0b7adae0510::450b0a666d4b71a0c4bb53e4ee4b5f85f3d0dcc9::ad7b35f3c19e8d4ce804bf5d956d51afa217735b::166ecf94d1f5a21324d78b820a7064ca8417d235::d365c7d0112f7b8b11fabe39d7a1e4fc53bf881a::c4e2226aa364fee2a2becb69fd1dadf0df2dc25e::d1fbd2135fefc0c3e3c0ea901df71771b1fdcd68::ad63efc0cbe47ec2e8b277879579d7c3218924b5::665048ff8a66f2cebb5c7e93dd9176f890ae4b16::4c9b90f46c77b0abf780e8e7a4ddb234e5762137::23d663cf2c60269c8198dfa445031c272736bae7::c6408f559e26a3ccacbb0efb4385680433a403f7::54053f9e8c271441879a787c8497a08c0a164bdd::e88c838292ca582112a08bc84df8e85f3bda6034::c74e3f2780596e91fac3a063c6ee1f26e4f88ea9::8994bf62fec4b2ed73517918a3ba9939ac617043::925f1f7da520f0eff0d2f1afda91efa972056782::800c3f8da782f8001a4f59be9136437d4759a23c::10cadb1a628f10f97121ba0bcc69ca15df1145c9::597f56700ec2f997ff849b8d6864ce3740b39687::74fbbdc0f3f4b5e5d62e170330d15ddf9209747a::703b8b6a847bd49f3181cc6f0897bfd9ef514318::6949b9896a806f1938689a90f36dc493208ea3bf::ea6704925a9ba25b726ee3c1231b2b0b1a1e283d::9c313988d16b1f065f1a7ce4e5e2f8cb0de4a6d0::0d5140c499f6ade1ab95ec808052f9675ce181c0::d2bfd7f488a447cc16f3bfea10dcca08941dd0de::4d1debf7487658405850d14579400ff638426881::37e543611fbc6061cd76bae2c6c8e44530d656cd::58c89bc159b8381302e9f3a929e5dac7711cacd9::562edd8898bb3c6f61d79d90dc385c6697005a87::01f8f941617029de82ed2ffd43874bd9215bfa0d::e6cd16ba90222bfaa14c94bb4c23685581e889e7::c07c8657098795f6b7d1596af8c6166ac6886eb7::ca3660d4196f0828cf27fe9e28bf0ec188b81b5b::6951e037e1dbe871cbe572233adf0e85e30f6e41::02fe560f9bc88377e675a3ee20dc7bd41d2b6100::0f49067208d055259a785f7bbf0041d273eb55ad::ad90f19bb3e591d9254aaa39fac4adb90a7473b2::9fdb3e62ad2172a485eeca56b7be113138205dd1::d78f3a918b11dcf61b60d712c1545b914cc9ab38::7c028785ab8014dc218f2e7bbb25438429f5ce0f::a5be621b358f12cf35bdcc3bb68fb199eaa832be::e876222df1de07a5899f51babb4bf3839afd07d1::744520ca983df0a6949d40a4bcbb13ce10455919::33d5111f3897084e40e4239eb197b77b7ab85e19::9ba2e0ed96dfb503a04503bd6a98a647b6b7596b::bab955bedb219a96896b35d9fcc0e424335f5046::a3b3d0ce48af82f294d2a31983f31e4bcd73e7e3::18673479527eacf36871a5f9429f2a71b443fee0::bb54a8724c2803ce9780021bd4fdaa9d00575f1b::73316cf5af4821df1b410f1c258f3898c379fe81::ba4538bd38e80dccd437835cf4691c28a9ed33f8::bc7fcde17d66e231047b2820ae64c127b72e4901::3dc32b3d4fda68aaca86a1d21a1086034ad3bf0b::51ff60a399b6564485350e43cd6f2d50a77fd182::1d2fa5f1412e2671312ee8a5bf796fa02b28d3f6::b53e84e8b6b3952231249b25279a2c6d1fb52c1c::8911b5eb8d0f043cbaf44e7c16655e012abf6ce8::2538ab89367ccf4bfa74a997be6e3442348900a5::c19a528029be99b804cc9df70329e6651608ff66::74da1b70e0dca938ad71b2f90c57c31aa3bd4665::92b457ae1cbb0f1d57ae8c5cd6c2d94bce7bad6a::e4b96aa634e8787b1b4c780da876a2edd1e9753e::45a6d510e7380a7e2827b0be975b86275fe0af57::1e101496601a011e2391dccc5e9d56e97b409ee6::6c6fbde160189c04187ee2906cff3d6d6f501331::6930a7918e86dbde9cdd2d8a5e80d59345d6f049::409a6ee7c5607426592f6741f90b6c3d68b0ba51::7dc32e1ab2200fdbf7b9ebb9a58dd8222d632d4e::578d7de93b07cb759a59c309925218300d9b239a::816777142f1e6fd4f368a2c8c7655ba574abe3a7::0aaa6b44900d98e79aec14d3b7203968a459592e::9f0cdbb461474bf90780916f638251b3a92a2d9c::46aa3033bdfc1d143587ec43091c160d4dfdf24f::acc40eda183f807b4870f10f7ea3aef994a9b193::5039cf9ae7b15bc3fe8c7741f520c27c98076224::
https://api.github.com/repos/apache/arrow,14177,ARROW-17693-std-string-view::master,0,merged,Component: R::Component: Parquet::Component: C++::Component: Python::Component: FlightRPC::Component: C++ - Gandiva::Component: GLib::Component: Documentation::,Antoine Pitrou,1721820,457,5,1077,2627,218,0,18e49899ac7a611afa0c4cc60a0f3898edb4bfa6::3fbeb9a28fede1f61f9d6e519e64af3ba27216cb::f92c450312ae5a3a128abcdd593f9e8e88f1aa3d::c7e43c9e3db229782ea1259fcbab1084b689898d::dca67f939b2e70637d8222d61995017087ef25c6::
https://api.github.com/repos/apache/arrow,14105,ARROW-17694-std-optional::master,0,merged,Component: R::Component: Parquet::Component: C++::Component: Python::Component: FlightRPC::Component: C++ - Gandiva::Component: GLib::Component: Documentation::,Antoine Pitrou,1721820,457,10,653,2311,148,0,3a4e57331a3a05a02e620bccb7422c685765d1b1::cbca6e0565916f941a548f5cc9358f9afb2a0919::6674815cf7b56a0c9a7f68401d7539c516dcbcab::c92378aee168370a64a87d991c2f77d36686b035::150797661f8282670ea986897c2033b52d45a488::78c26f286c1a8a4f0171a63def74449e8cf0ebe2::1cd2b2a8f9563a87d46eeba6b8804ba4d4af8f4e::4a3faca4eff8a0967299e505459317ab6a0a0b2d::96dbda947e3f1b5afa91c452988796903e3b1138::3566dee79bb3f69a7b46a797c52fe3ef08318dd5::
https://api.github.com/repos/apache/arrow,14102,conda_env::master,0,merged,,,33685575,39,7,551,500,38,0,aa38ea3646af7b1544c0cfecfcc1164458f12c18::2a6068a555010bcba2aef11379fd40d1cc5b3071::5b4e3a3521739b19590adea69eb44e6f7b03a88c::bf5cafcd9dcfbcfa61475acec23d8ebabe6ccb12::e6bde187abdf997b4654f4cff0db20ab3a737595::54e494a5f5cb3a9c6f12993be8db056dc5a7da79::57e3dc9aa24d25a3931571dbc39a543f1140c9c6::
https://api.github.com/repos/apache/arrow,13606,arrow-16759-v7-take2::maint-7.0.1,0,merged,Component: Go::,Dominic Barnes,160197,124,1,43,26,2,0,a2dc0c05a5e116c13395de4d29cd18ae7e8cea16::
https://api.github.com/repos/apache/arrow,13588,arrow-16759-v8::maint-8.0.x,0,merged,Component: Go::,Dominic Barnes,160197,124,1,5,3,2,0,8606dd583b9bb80074ee7110bf66aa55e8519f84::
https://api.github.com/repos/apache/arrow,13587,arrow-16759-v7::maint-7.0.x,0,merged,Component: Go::,Dominic Barnes,160197,124,1,5,3,2,0,90aa6efca389af47ca72be1e22b28f5ba70eca4e::
https://api.github.com/repos/apache/arrow,13586,arrow-16759-v6::maint-6.0.x,0,merged,Component: Go::,Dominic Barnes,160197,124,1,43,21,2,0,ec2b26d30ac6ee7c91d1a00c58be4f5865b581d5::
https://api.github.com/repos/apache/arrow,13484,ARROW-16828-brotli-macos::master,0,merged,Component: R::,Will Jones,5488879,60,4,12,5,6,0,18a72f18cc5b01fdbf1af8c82bd8f5c8c85e4abc::2901223a072bdf99799275ac36df5380c79a5769::fb96cb53839de9a6a07233c7cc9ab25e7b0a51e3::e95c99cdaf0557b8f6e1bfa4d5bbfb55ed235125::
https://api.github.com/repos/apache/arrow,13322,go-security-patch-testify::master,0,closed,Component: Go::Component: JavaScript::,Dominic Barnes,160197,124,1,5,3,2,0,89a0b8f46e5f45b98596e50eed4d0659374daf4e::
https://api.github.com/repos/apache/arrow,13157,feature/java-with-s3::master,0,merged,,Artavazd Balaian,5107562,14,12,18,2,5,0,4ea0d4b8372f40543fc3da434c481ebfbeacca0f::dcab4614ef3b640f2e4333130a76a64434cbe390::e99fb28e4a4903c3363d87b2dcf596d130f04dd5::f13b5f8e2edc42e21af8ea0f3228ff89f1b5fbf1::2afc96fda6b34b921dc00b382617e6983a25b0fa::639d0b4d22e05f4d58501c0ceec10981e5be9608::fbaf5f07bd0803bd3a40b1249f1899318420b9a6::8f848a1329c202081688bbb553d6b8a8572eacd9::b09a68cb73125f66c2ede7407fef3bf83e3d2c7c::da354a97daaa7fd1495ab29d6808955f0353d141::3c7255af8a00552d01efb955d202394a506e3e03::dcbab60662ee0b1e2993af63ec98f7034ed952fb::
https://api.github.com/repos/apache/arrow,13094,cpp_docs-fixing_cmake_calls::master,0,closed,,Alexandre de Siqueira,5776022,76,2,0,0,0,0,8d5891831cb165de300fa299d79b9a4e3691987d::953ddf5faaa6cd6926414d7dacf737ed8f01f403::
https://api.github.com/repos/apache/arrow,12867,feat/fun-diff-warn-once::master,0,closed,Component: R::,Edward Visel,1693477,37,14,132,98,4,0,c56d0302c52a9f78895c0e01fb6021b312f2e5a4::fb1844618f6285320c4ee913cf95d60b175a70b2::a30029e37b5c636e3b9cace6b433711908f7945e::18803eaafdea1994da42c5ea4bd8cf046057c357::ad00a1074ac33088017850def079839b7d71b688::14d1aefceb0fd2d8e133e2f98e42cf531dfa483e::602fe1cd36f4f3e451eb602f039ec4764904b15f::d98e05fd8f2c5f9a6ff4ea8a778df109611df39d::6dae1f76b67587172db55d1905825a7deb48baa9::2557755d9899f29787c38c71f64688023a9b2e0e::6c64ccb68e7d63d9327481b283093d98100f32f9::87310b3fc072af3088c65e23bbcd7a0346576846::c276e7685e41496e6619077dc88cfb0222fb06b4::ea9d80bddb3d77f4426497d9564b22c16430b834::
https://api.github.com/repos/apache/arrow,12481,java-add-arrow-flight-pom-ARROW-15746::master,0,closed,,Bryan Cutler,4534389,151,3,12,0,1,0,af7d3e2ba9d1ad71c5766db1828dbb24adf3d673::72b02f8a8aaa8cee9ed3e7c78a1353e110f97139::9e52535f75e0f2535759c71c300015fc08d3b943::
https://api.github.com/repos/apache/arrow,12241,ARROW-15390-gdb-doc::master,0,closed,Component: C++::Component: Python::Component: GLib::,Antoine Pitrou,1721820,457,3,174,9,5,0,5557a91c62502bca962d2bfeed2f3c9b1f031a12::ccbc062c26820e30755f23fe462f44415d026c6b::7395653f5027b7123eab768901102e2ed3dd74b3::
https://api.github.com/repos/apache/arrow,12157,macos-autobrew::master,0,closed,Component: R::,Jonathan Keane,700357,50,9,121,4,3,0,faf34e4b618892c391ad09abac89991a83890eaf::301a5f0f9e779676838e8d3b20745a78f657c424::e2c034111f5b24070f7016506f7df2d31fdc40b0::533cbd1410e78d6dbfa4896aa5deab6a21c93d31::f47f01fbefe5571a8c9bdca1de8318b1088c01e7::f7e2a5f9e79fa566fe02660ee6082e415e031650::b26b08265af62c7f664e76427d61ca44d7a79de7::d023d150d679d2280a017b3bd53559d5621116f8::1592565779e4bd1b62a7e62d3ab92e216d907e75::
https://api.github.com/repos/apache/arrow,12033,arrow-15091::master,0,closed,Component: C++::,Vibhatha Lakmal Abeykoon,12179219,50,69,1426,4,9,0,9608bda1ffb81265cc0c78535094e82c1c30217f::e26678843ad68fd69068f857cfa929719b19b34f::d4afcef78c9cb96bbe9cf8a25a39a9efd812227a::f87859c34dfc6cd2656d191a2a2837b8442e6d44::5787c6ed93042201f0dccb74ab10d0b45bb88cee::ca98c6d39c665f069930855442f32a3c45d1e118::bb65ba397687de6d336407e08667331ebb5c7b8c::f4e70bda8999563a9198c43963e46b60ec8c149e::94bb68c635bc0417957316c7acb264392a7d7ad9::7a14a72dd9e86a3a1d94cbab19caf78d1ad0b263::438b9bbd29de2a0eef563723296c8fdec84a111a::fe165cd84165a505b4d83837a58e3b4a3d249ab2::cf5802dee1b4580850ef17a2f296ea094230abe7::0ec7960e7166b7c3567ef6fbe2bc0884a4f01042::c5774e7ed07a1f8880e277fb187aa601c411b80f::5f9a704f72109728a63a437f0fa8234d6847bdd0::bbaabc38a24d09666c739ee05fe050c3794a10fe::a5e22d52ee5d9ffd3f7d8928990ecc6a20325203::5836cb2ffaacce3945e5ea5f77d6bc4db13e3ac3::e53491d29b1b57495da17cf170a07f9388b925f3::ad930f64dcb5553ec4b86395568164c1d75d30f8::6f1aa695329e57d6dddbd9179f7e8d76d9cec0c0::8125fad40023567fbe8f0c170867b6ddd6f2b949::8275660968e842faf006911a95ab3bae79c512f4::0267e7d56414f4cbdee1a2399e49ea89f55d75a7::aad441656d3438518ff1bcb43f0d42babc4efde2::737657ae5791b17f4347007fc42fdd08af68c7f4::2e96b42f2444fd37cceae818f01f14310b19cd12::f9bcc91acbf6391f54003fee745fc10b6545de40::c4bf91b725234282b52b3d10e64d7b95e9892af5::13824526a1bdc1b0c29f6cbb51efbd7cc39d9599::e5352b208ef708d4bc258c883957e08437c96f41::f3e17f58f9c9142ff46e1f6be1162cc018f42928::ff06faa92c8a1f3967b8f3843f460882771dcd57::18672a9fa3ef91d49e262aafbb3603eee4641b04::80e93e6c0352c82f31df49dd38d375d08e6b4d14::d55b994c4bdad84ef42387c727b7d696df5e560f::2e22b79fe6c569353f8c09a1e5c296fc7021b946::e9295f3002c46b9a1cb5895ec0fad5504437f250::0ab1e676f69ba8969fd2cc12ea013fe7e2f0a971::d989b898ea9c62b1ff453f8bafa9d50cb49f4cf4::097dedfa70ec351065cd15a49d6c8c8b6060dc9a::5cd28358187cb8da92e3d52b9d3b42e805981281::951d1ac0d5e034807bcb41890159f8eb546f9bea::44affb131eead30926235667f8e922c172c0cce3::8af4a7807d6f53b2e3d7a385499b5f935e0e5fe0::ad3efba947a3b320879c36169c7b16f5eca2393c::d744c15374e60363766caeb2e5305cdd2f35f614::b8e3f16ff322f5c8695ce7b64923e4b4bfed8827::3f7a2fe53499c1c2d0876de6e3ba5e5e268d64f8::410545b640059b63e86fd51b23f8b61ee6e00746::7787a087c2eb3d0529ad963984b465047c1f2872::3eb547afd0f2964dc38aa79a77f7f03e7273ff70::3e79b0c48df7c64ca6278f62531a57529eb9aeee::b90ed0a413442ba038a284f8a869486be5966a05::40bec72689f9c20afcf40ba1a058f8b59ca89ba7::fe29c53fd50c4d477a0e30ccbc9868694ef4ca42::4c1e2dd85f471b93a27c0992ea73588e169b7f9a::e84b1f4f1950648020f036a4018d8ae39f590106::8e2eea999640bce335444ed33b6d1c00aedba2ca::55e295eb27ef489716d90537fdaa6bd03bc0bca7::30cedbf052ae6dfc0c988e32201f447dd1bf1012::278a3dd831ce8cf8b47e6438a515c14f805261ec::0f5675fb757e1e02711b98e3a0f4ba7200cabeb5::96ca3cc4b1dce48ea27250eda0b5e7432aadab0c::ebb3f3811d9b965e868062bbded707ffa08d836d::4739c23e1acfd3d7301b8d0a8382c552d5628e1c::ff69e7bd8a3ebe44cce7dba2853f67d507ed5915::dab6b81bbb6b78ad33e753cfdd8213810f2eed98::
https://api.github.com/repos/apache/arrow,11283,ARROW-14189-version-dropdown::master,0,closed,,Joris Van den Bossche,1020496,1174,4,98,0,4,0,fb10c3c7291237a39ffb6eca71dc8b09057f3efd::6ec1b9836fb6e45b7f39fc63f7109edcb34ce4f6::502a39c77dcc243e7db31c7ed8250d7d15c9bada::c3dc3fc2d8e59d4cf579f5d98d930399d6c443e6::
https://api.github.com/repos/apache/arrow,11080,arrow-13390::master,0,closed,Component: C++::Component: GLib::,David Li,327919,114,11,966,101,14,0,882e86718324e3f82529a21f7b56ea20044b096d::46912ee22336609c109455b3f9bbfcd7949b6bb3::f744fcac91a51eeb8106c40c84e6ad65cb7197c2::754e0ce9b160fb7d7176933a966a5d45f5ae9bb0::b51c2510c4465dbdef911ad2e9760c9fe578aff4::c11c4bd907cb8609862362268e299bd054b97504::56a975ceb9fefbbd9be04a898cc708bbf0ecc958::30585595c88bd25a07ff95a204cf2a5a3909a2ac::90c6a102e22138f08a9890503881761069c32c81::3a519e4b0460e0181a09c20c68520dff8b61fb95::63b2fa66549b5c6375c87db238372c32f4773a0e::
https://api.github.com/repos/apache/arrow,10567,arrow-13096::master,0,closed,Component: C++::,David Li,327919,114,4,363,8,6,0,ff007b7e6a49dfd77061ca3d923a89ff04cf4039::ccfb5fd15c4754ae5b8be48395b2a555bb344f76::9edae5e87f55fa5a58603b65e01a7a6072e16b43::46560eddd6fc9526a6e8893c8b8dc6aa24d099fe::
https://api.github.com/repos/apache/arrow,10414,cpp17::master,0,closed,Component: R::Component: Parquet::Component: C++::Component: Python::Component: Ruby::Component: FlightRPC::Component: C++ - Gandiva::Component: GLib::,Antoine Pitrou,1721820,457,22,1221,4023,76,0,ec2e0c9a34389875f2c0acb27ae2f1a23e7b9c35::b58f817270026be6abc10598d530840f8b442d12::f6aae125fd54a3ddcdc5eb084430edb531218173::faa152622d40fc1be302b8b28620eec3f711061a::ef010b01c15a32e577989e7eff4383bd9c969577::46bc122ee89f1fbacc2988e687a76f0ab23f3cb6::4744ae68559de5493962b126676f96b784d339cb::a6fc56c971ae942e6528a51b12f99f5f392a0fb1::6862e468610f74962e3a9e8e1ebb434bf2a3f87b::76b314ed3ce824010dd854414b72afc12ea1ad72::77e6b65e18f773e5ba7d7953dd348ad9ba890bf2::f820892148c0823f74b95c2b3cae45fcc8697770::bd9a59d65eaa0310a6ac7bba956e26620a7c28f9::8de6f36d6beb66884909184e58e34acdca0d94df::f2ccd372c43af664665e924d8c9bbd8ae72f4b71::22fb0fa0afa78ef0773d6b96549f1d313cf88728::5db272a4360b00368ef0390bf417c4445b255ba3::d0c4ac98f0cfe92f5763aa1d9d5686c1ce8bd1ef::053f533af119823ac2f10067ef2297d6deb73425::20350f4d8b046596293e1045c49cccddfb84a5ae::06df61b702d300042e918c286be46716187a1c6f::ebf70721f650b0bb222a885a0a7b483eebe218f8::
https://api.github.com/repos/apache/arrow,10344,maint-4.0.x::maint-4.0.x,0,merged,Component: C++::,David Li,327919,114,2,31,3,2,0,702f303c15fb4595420a200311ae2809fa96a55f::70aa45eb54eff7972c791a226a1d87bad69ac2a8::
https://api.github.com/repos/apache/arrow,10145,async-cache::master,0,closed,Component: C++::,David Li,327919,114,3,318,66,5,0,03ce3c89b193575b7b6dad52b4ccfafc6c2a9e88::49a9dfe5cbcdb6f512abbb3779ecd8b7502b5531::c84d6093eab5ba77a4a89c6759f06e3489a40624::
https://api.github.com/repos/apache/arrow,9947,feature/arrow-12288::master,0,closed,Component: R::Component: C++::Component: Python::,Weston Pace,1696093,37,13,396,87,15,0,704f753af51b01e8c0e6c7f123ac3ea9afddb7b5::9182a78ed27a1bea77678746d7bab4068e809ca5::7ef8c9e4b44dee9c0afbda9107451a0d325a795c::e0934266cd81a2f70a911abdcfa5db89592a1d70::d2aea7e86db7156769a44602ad04e4e15f27af62::15b5e1a4bab7d24f9a632441b197a4e2f08805a8::d66a04ad95d87f89e27efa488b1e608c2b53d193::aa9dc43115ec167200d7b0592add9e9bb57619fd::55b8f92be8f451c3bcd8ec4708ed7901d52b4a28::f2aca733b91607ce219e18c5a70ff9aca0a99648::9fbeb3c38b45aad50a83cbad82e311d28c8c5ac3::7c42b638722fa4fb39fa0e2db5b38f1fbefc52e6::36900293caddab193566e537fe37192e8d80704d::
https://api.github.com/repos/apache/arrow,9211,fix_equality_with_offsets::master,0,closed,Component: Rust::,Jorge Leitao,2772607,618,5,73,38,10,0,5716d9114eb18cebcf0e1807cddcb3fcf2edcf50::c28e579e6a18868a3a25caa27318cb81b162fd9f::98ba1683fced9ff96ef72ac274f1488f9510afbc::134a0e38fab2fb13be1e0e73d4e93c653514b55a::746fd2d2aa339f09257ecd6bfa7cec03326a9f9e::
https://api.github.com/repos/apache/arrow,8834,fix-descr-check::master,0,closed,Component: C++::,Sebastian Berg,61977,102,1,3,3,2,0,7d7f089d91c56f26487e9d2c1ab2a06219fd6152::
https://api.github.com/repos/apache/arrow,8468,ARROW-10306::master,0,closed,Component: R::Component: C++::Component: Python::,Maarten Breddels,1765949,689,3,351,20,10,0,8ff10ac16d018a4af5f8a36341ac405ac779ac2c::9d8f0eae8d9b7eef6a41926bcf73db2a6290770b::82bb60d7c097bcb89aed458b3a59145cb9133538::
https://api.github.com/repos/apache/arrow,7928,aws-sdk-r::master,0,closed,,Neal Richardson,2975928,100,13,39,13,7,0,020c1ccde45e375c078f14a332f68047d05fa5c7::e2a3f1c97c9cc7a7320e871f3848e6d46c822a77::31fcc398a660d6e4ef2d05e61027efd4daa49b73::26151252091fc287c8ee550cfd2222a5b7af65de::2ef8d4d8c5bab622910d46af1ad4ce4fe38c5916::8a0b7b5a2e1edf4479890f74ba8e11e0b999285e::ea711c05ea2aa4519890b5b7420003626c3d126b::2d821d8c9bf7bb5ab7527b0afdc3db933ec34edb::0a04d735448b136b872d6782d478aa46022d904d::06f31806a13af954359d87c6cbbd1738a6968ab2::d3fafa03d553a232c682a116984ffbb66f84d8c2::363ee27bd0e6812d75084d920c49d52af342e8e8::97517a901118d110076b3565ddd984962ce9532f::
https://api.github.com/repos/apache/arrow,7449,ARROW-9133::master,0,closed,,Maarten Breddels,1765949,689,32,408,32,11,0,b1441495091c4a31691c4473912851f0127734df::934a66a197b1233ae0d280b1ce37576632b9dc42::8a5add37f042956a6f372859bb801ff2cc48d6c1::6c4da7f830634aeb0d44250be43f099e49a3fdc1::683ffa4942a0e29e71793845084e5c59e7420bd4::4cd3d727217cbc72c1be268073670063d16ae322::46168a11b116e0650a5b6f3c2fc575bfb524efa2::9e333776c7d7d1d39c59aae2f14cb77ce56ab30b::a4992cce7f5cc27a40f4034778b9577e5a72ce42::d27d3baf3f94217dd098d43d66f371644c17eeac::054692bea8e59d915ec6d2f4a6e304b16ef49d50::2829446e09b7129d49fbce8a8c770a524ba1fca6::5b251bb5c3cf3b2b7d10e24520f2f64ee4f882a4::0249a12105fa775bb4c8d5354159d453a35277a3::3e7856ff5f343c26990fbcb5c54e7e9ca140870e::d1108a496d19c4bf21944318c91b475880621b47::c68297486a29da606dced487a5de557916acfd62::a81a0c7ad35606ab64188172fbe91be08e223508::58cd0a6fc80a36f5814ce202ed1995cf74dd86da::6dc038a080cb7c9398b2d8bb3f71bb7c3951a7ee::bd43f9bf669fadaa34093d54c8716561d6aef2dc::07bb6fd14bd9ed8ec4f2928f4268e272db5c8062::17657a6aa7afdf678a1c482433dc3b67d05a4b7d::e6c800caed0f0f4362a3c579d065d41be980311a::6b2f07bd08f989a256a0d498f48fe30c53be87ba::d47ea4a90aea749b28f0ebcd7b24c6e50fda5943::9a9079d11cb8d39c101ea3dafd8d011de13dec06::11c342a40df68c1b001110c08681fcff60e637a8::85a169edac1a9b338240054efef2bcdf61f8d55c::592eb100bbfa1c332f047ba754028667bd30b86c::05c2f38db75070808184c3bcea60d7a68048018d::ff3df58da023e40ad539d129dfb768979bf1110b::
https://api.github.com/repos/apache/arrow,6696,packaging-debian-stretch-backports-sloppy::master,0,closed,,Sutou Kouhei,27350,487,4,5,0,1,0,32558d75344c30878cda8e1b9ac5cc5199196fa6::9a583126388dde3754a77c32be1e82fd5fe2b062::852ba337c6b8d2b21edac7642e1787597422d962::d03318a1068861add80aa6042b83570207ee78c4::
https://api.github.com/repos/apache/arrow,5877,ARROW-6954-py38-ci::master,0,closed,,Antoine Pitrou,1721820,457,6,221,76,23,0,e620b3b3f0e5c6a97064e7fa9cee62b39e9cdbee::7b6bd7c147b1e03cfb2d1e427541111f6405ea49::5737cddd5ab9c0c85a78753bf362841832a8023e::0ef0ae4535d17695663ee00bcd9f7e31f12241cc::9924be5bd995942f2e3de44532b4d7949d816265::0f411a48295bab36acda5e2e44bd85d41059bca1::
https://api.github.com/repos/apache/arrow,5822,ARROW-7160-update-sv-backport::master,0,closed,,Antoine Pitrou,1721820,457,1,164,4,1,0,9323a7418bab8c5613c1ce522694e4d8c97e9692::
https://api.github.com/repos/apache/arrow,5685,arrow-6920::master,0,closed,,Simon Hewitt,207410,29,25,234,314,18,0,2ab67322bc652e1ac2d6ce6e32766084b8b8676f::e9f14087f07ddff894ed6b03bda9dabd3ba7c4ce::c8188401764aba89699464b6f298d364474965f3::f403b6fe32dd24af28e1f56a7c38059cc3060023::99251eaba675c46914df20f8223132ea40f81e70::1c8427ea43587ad853d4bcc7aa320eaa75d65305::2ef6213fc8734702e86bc67e07714536cb3b9729::655f88c451c74d7583285a6709a221fd63cea185::7ace0cb035b6b69671e2e98ba400b83dde2c79c6::c4526d87fc08a937e660ab3e246baac7e8cb8c31::da300ac209d6bf413a466b6673ed5c73d683c0c3::10dac6741c3aa216e3114b0fc3abd1e6e57426c2::e047d54d6ec91b9c4194400cf785737297342bd0::5e5977eb3f63db943738ed82ed93a3f920238421::52761b41383245ae44983a02936014a47578ced5::260fa7930bd3befeef37ca5716ae62569ba832fe::f0c8e69271a5b1155d2b2f1baa11fc80ebb30c0f::99cad413db487b6eb32963470d362083f05d8e28::344eecd71d9f9fb790160727b429c8c02f3dea72::5293f2bf72142abfaa44d577557756f1a44fc286::cd9ae83b144e5b400363192e06988e2a93324d13::f3f9bfad9e3ad66f2f0b4be0e009830715c6f3c9::43833a3da6671325bdf4e3658d2c7ff1ee4d4144::908a39648a1efd397d323cee3e166b4572f11037::feac4947043e4f4aacc87ac82ee8c80e789129c4::
https://api.github.com/repos/apache/arrow,5464,cpp-vendor-flatbuffers::master,0,closed,,Wes McKinney,329591,13671,2,11531,277,45,0,464590f16d0cd2ee2ed9eb02fab7db9772e5df04::e0ae418140362eb61315d763ab6055cef7b6c90e::
https://api.github.com/repos/apache/arrow,5258,ARROW-5494::master,0,closed,,Krisztián Szűcs,961747,115,36,1155,91,22,0,1a4e03128b98661c9df0f4d0d4ab06a6e206a9ae::a6a62434ac7012dcd4cd9d0f4741140b5607d52e::cd217416d87bcb88ca4ca6e7625493d30d5b1874::fd0b4ca66f6cd5ee764e702bb3b528f510cf8fd4::5de88810ec3406add42daf658f9bdbcea5ff1554::cc257210202dd89c03b1674a7cd8d8a5d8c49d5b::e812dca035dfe3f456ccdca1a3bdf7f7476464a7::74598ebea601e365900756a18ee1bd0c99af1ba1::b73300c9e23df80c26ef9c807d858921efd4ad5f::545a2c6ee70213674a6582fe0831394eb831c91b::e24a036f99859a2dbf4c5f051191cc764d0cbb87::cd8b3872fc87dc3d80daaaed1d3f977b7f4ca153::8ba3c6078ed715f96cfd576e81536a71917f48c5::299c7028bda2c60e61445b7637c7f8f8ea5a0d7e::76993d2b4ce27ebee03acf3274a0b262c05a0a92::43c12bc94919e76aca2818f104bcf7264c41845d::962c34627e7966f59f96e06bceea3450467bf6af::0baf5ee4b9bb2e23fb29589fa2b4c5faaf80bea7::88409ed110b3928d99b2d3107f54ebbfec27110d::d898b064c5e10a3ba5be704f3df6fca38fc054fc::abc51ab2321cc4ba1caff80f4c6d8583962c9303::0939d970694ba72fbcf3a3ab97e055d9d2b45c8f::de75cb535c2652d1c4120ed863e2ac263ed5ec07::4c794a34fd966927145fb68d3a1d30760c33652b::4ae995135bb47f6c7837a9388728c045625e9924::fadf3a43d1a124266c0984974339f86f440d670d::19a44ade02cae6c6a9dd393832dc5a7a24a47c61::787eaf40b8042f2dd91c71348aa01fe950bd1194::a391016e86db154c4ab509793540147316dbdefb::9c90de5ed831d41390d8a146c4bdd739d9aaf966::ab803e393c9f6873031d0400d1bfe9c039a3b612::58ce6d10867841d0b221eea6713627fa622b7997::cf066da8c8d161a2f828f7ea61852ec9f48d0671::ea3a488fe382557eba25ef5c63fc2ec0dd809182::a7798f5b507f1b1898c170401334162bfd3a0ddc::9b66277d404fd62fb151982353e9ba48c7dcc8d3::
https://api.github.com/repos/apache/arrow,5111,ARROW-6101::master,0,closed,Component: Rust::Component: Rust - DataFusion::,Andy Grove,934084,1052,13,280,32,6,1,c69221785efea3bc969b52990280cd6c07627a3b::42566c364c5a4939987efdeddc377bebdac37809::63c88d8050307e00a707e97c692570aed7de9b10::a292cce37c37478a62e2d8947a28a7fbc15db7cf::55150335c6f5e2ab2e2584fd681ba424ead5ee1e::7ff8ab71858839c265b0db73a5b63ed6e4e4b7b9::20216bc6107911f18b6c393a1092240b5c036e34::104f3ad9b04ac1c5e2da93274fe41dd594864747::dd3cbe6eb62ab8af188140836d715e3675ce0796::21e646f50bff3512ae84995b0fb193a7fd57fbe4::d8ff02fd14ec36146c6bdc33091e21213aaacd2d::0210c70f161e315de6627e2edab0797b49058383::b820e6904008e334b26c3e0e18d51efaea217526::
https://api.github.com/repos/apache/arrow,5024,master::master,0,closed,,Marcin Juszkiewicz,185508,77,19,794,517,27,0,64a7d4a4fa47f9845c7d555f9a854ca3424240f3::12d988130c8ee1d52a63bce3aa9d3cf1762cf35a::25b11f8cb3322cefc94376d6044f31921ff54dfe::aeaffefd6119e45f70bfee2826cc00b3fb78c5ab::a0c9709900b698b4963445f7935df4363f11163a::abc522f54dcf2571a52582212c4f911df610296a::c949fcd722777a56376493a5d4fec5da46b1fcef::35eef17cc37cc779257687978af25ed94e807007::08f16a694dac0156344f52ab0a6903a72676870c::dabcabe64bca3ebc09fa42d2784ff36c0c2421ab::67d9f2d2a37f5f36a514fc3e00874c63ccd76e2f::92f70ed6e50647dc9868e451947fbef0ad78b008::01d709e3b9f4cade4a385c185c7e0aa4a2206224::db566d16356fceddaa858bbeeda45b7a49dbd544::2bc1644f9b962dca7f7996a92b713ee44022c97d::b3ec88b6649aecffdc490284a4ffd5537d6e6a82::c321dab17e7a19feda4bc28130f448341ed8beea::32061281086e75898b1b6a8c147d677a112577eb::eddc53f9abff718533c2990970e455adeb721757::
https://api.github.com/repos/apache/arrow,4907,patch-1::master,0,closed,,Ruslan Kuprieiev,5367102,139,1,2,0,1,0,e4a27430feb154b3dfadb205e67a221ffc6218ce::
https://api.github.com/repos/apache/arrow,4826,master::master,0,closed,,gubee,7070946,2,207,5518,233,41,0,a3a8d41844d8e847651c5da5b360bfc0f8b2f6f7::ab65b1db99ed89cbeded3fd38aa94cb1cc24d706::0ad09da91f77a205f3c00fa7da01c0cd2a70e4a7::5c295c2fa2b2e4f1e87c59c600c71fcfdfbf27f3::138b89681bd29f40827b27eaff706829cafac774::31cf8714a2a27fca40492ca9f7055013cf49682a::3ebebb597aeca26a13f012eeab37afe826947acb::189b2f28ec5d49273c71d202ec79e964ba52e956::8dcf50cc6cf66f6cfbc89a73f01556da7e0df279::bd96d4307b57ff4fbcf22603e77e75bd28a25511::6a2a918eadd48e120c66495bf10c32d599f36a38::e428fdae7aeb4725151d2663e34a81f1a8905a5e::537b5e00325bde1a27fea0a73adfd034464c5fec::5d495c33a49325ed501fb20e8b7bab752c0e9b4e::e1e9470d4fac086c641524789c2eb947294f4da3::9040fbc3117ebbc6d24963e30973ef741dab1725::b177e8c019868a49eb5d89df6c63eb3b31e8289f::921830c9213f17821b8a4882d9447682f182c4ed::4f727f22ac1f3486823d0a5edbc97ee1e4d99a9a::7717ac34859cd3aef6e6b4ca430a323e6f7d2021::e9ed8c8f3e83cbc33c2eae1be4bbd0effb878e5f::a193daaa467690e85109c6c2c67cde4dca9a82cb::e42cc4aab2dd9fdd0ca2f2275c9defa939b525cd::8a80946ba87f3e89c875a6d7bd6c17cf98593965::053c2a6069cfb4eabf311f14e535508962c49f41::613056eff25e2a20ff1b5be83fde7d3d07955ea0::a195bd5a13d9e7fb64f4bd4039ab470dc9989359::b176ba5aaa04a3a778357e6ce396752567c9fa47::ca1bd2b031272e0c1f490667da9630b5611cc3fc::a5eee07fa53dbdba7a15fd665909912db768191a::4d4aef1291afff175eeb80e54d54b31233000dac::fbeeff24a8e247870c1b6ec9cad2af0696cf51f3::2eb4f3f7ef3fec18dcecd25ec52330e7acff9295::3cf56be38582006b7f0d3062ddaee06094d17262::97aad7bafcc83c67c582c2b910c1b74c946c3c62::9dabd99f5cf9af21fd5ae3d93776e4f0cca23bf9::e7871d60dadd5e456d415192c473c8747d1c2720::99ca2a6da6bfb6511889cd6d10ecd942ad4ad841::baa162ca5b708aa593656584fd25dfdbb66eb6ab::f92df576f00b53fa7c715046605ec0de7600ef90::f2c000eae799cae1f11e02f2031898442c2df3c6::8b9574fa5ba766f9ea719e9401c6004d56d98ac0::dc25ba1c0ba087e209ea31de9b2d6f4618a37ef4::5fdb0c7a729f53c68bfbd65befcb1bfb695b252e::931829b44a8e685f3d1e0c44c9c31314c559aef6::fde0627d59e5f8ba839655fa74d47660594de32b::85dd7ee5a60622557eaf11aeee3ae5ab0b3bf353::af3aeef17f5d760353a1393d2680cf6f313a57a0::1d51d12cc45479edef47c4daa797b813d76819d5::f7ea94dae72f928b6921b518c502bd4e09c1cc0a::f8d03dcd2a896e47ea33c7acbebe0f0860486f24::58381857d5e4f923e5707f8feea02ceb99f0e6b1::444a95e9fab04c9ec42d0a9c61a866287f398918::b894de3abb8738816699114650520eefa64cade3::5c661ddd731f33e59a5b060f8ea8b9faac0fc8e8::b988c60378fe8df66dcb65d5e119320e847ae2c8::5382b02e18ac0b45ef24ac37de82fa763c719e77::11e68f1315803391206430f77eb6bfcaceb019fb::9273de0747074073b0458b46f76d4bad1703a8d3::37461cae2630574c6c13508e9e7a52d9d4464d81::bba24b8bbdc499f71ceff9b38d1c2640119f349e::4bb0238dc91aaac94e566125b67a0695813454c1::a1f70393c1188b2b86137aaf256ea88f28b1985c::b8f5fba6854d3b7d4ba0a4d21939c908e66c7b69::5d023b242b2ace17060ccbdeb94aa53a2833163f::04cda18feedbf18bff9c336c3d79c35301997c95::5d7b27121fb363c53776f869bbe41f8672df2fb0::d676693d9d68613bb0515c8af1005a88b85ab5be::59d4abb9f0982a3434279a42202e02a2c3d7d57d::a36cbf88d94cffc368b13f6195fb18d1667de8a2::7810db30ab791a7d16ef63d179d18a17b316d8c4::ab94416d0033b71cb345e2c96d8fd0e215d599b1::0a8e030e36bcd2398bdbab4ce13dbee7f3e2be6d::ac5a96db855a29717bf5d51c7be4db291913def9::1bc3329485dfd2bacae002d72f11af503d0e15eb::00e68ab5b1476f65d63a62fd8104208dd7f2c82d::b951882a9e5a0f1fc24befd739169af091473b40::fb38044f657df478aee810778ff18cb189e9e69e::b949797fc197ea9acf76fb024f063126d7227337::bd989f6cb0134ed5820e2ba20cc383d516d13154::b6ff133190d26bbf23c163e219228717e1e3cdf8::1aa574701ab5b1215c63e765cdb290b57ff3e84b::329633f07b9b4333701c60a7a6efa10fa41ab75c::0dfd5f294daee9e01a46e6c39eb332e95643e8c6::6bf0d6263ce4bec43a9f8ceb5bad61aee3a81905::16f5d784c7b3f630ef21d2fbd8e6243aa6bdbe45::db94e056358142c1e534ea15dcd9ad48951d8a08::18876be7883f3741576063242dda9d6482788af9::96af8cbd6dbdc1da352f2a5193787e742ac60775::3da31c2824ef4015c2a28b7d6565ce27a5aee953::57c484050d4bb6d4e1a10998711236f0100f52cf::e2f7cabd045cdc508781e24fdb23f8f4ea64e5bb::b6dfe9c341705b2a22062eb959cbc2346ffb4cb5::049d69ce7ad53ab2fa90cd97aba6bfe3ba07f30e::9910905274891b33828c7fa1b87ebf09b9d2e763::4f0796a0c37e1780e1f2cf5dcfe8f3477522371f::8eb339b851bab9500c86bb112916989e131bdcb7::72c455475aacbac101015249f945226902c70a61::c0585f9176349b8a6aa3c6d348feb4366ba4a6c7::7017089a7faba24a5c766f76c4c13933e96acade::a3d924c700f64e316b3cf4adc8ce20802e8d201c::daeb600fe84dfe8189b1fc6d87fd57974253f1ca::980a8f513d0f5aee0056068aaeb0ddd5d19914ac::cbcac607e16cb67fac9cac8360ecbd313b7624b7::ca71babf058c4638c9b3fcfdaefa2b5185f1367c::8c2d44959dd2e5a167a5d74f605efd485169f352::d6f30e11f034985b72b02aaada73f2d89e8d7bbc::512fd1fb6c044628818fc402392472daf1f2541a::e73893286875e1f4b6667154dade2dc833755ea9::85c08a5e0d0507ce0ca8c3be3710ef1218f637af::4419abc8b934a7b1d37281bebab906d3a790d3a5::9397cd2da04519303355216403d0204f133cb1bf::6e5d7ecc9cc414233e236e52444091dedeccb499::fb7ac18220567370b01d75ba6bacbe9e41f9128e::2e0ef53f577721fa8d5c28b53a34c3eb02b8a6f2::376b4adc821f1f0faaf56ce3f21975fd3115a96b::36cd316299d3f2c380f74ef01657721399ad2231::e5a771a7d8df19b89f685987ed4af8629d3ca73c::0458d0ddb54cd5dc85cdfefff3015c7f7501a731::2a2a50cded11b306e54d98557cd2f9bc6c736a00::f2ff1d742c0a3b97028a685d14ab692b5d8b7b82::7bc5635bb8e893dc7ea8683ee948fd5c364d2ab7::5f7503c7ddaeb7137aff4544666ecc4d3f0e82ae::79372c65f7e5be73ba9600879398f185074aad11::fe773e17773a148e86cb425b15c892c4a6a2f902::b6f4d228cc6bcd67eed72ce5ad056328c3a19234::0a0e0f816d87962b20e7d48dca06f19a0ba875d7::00d4ad8cb06a0323768e8e6b6d7addfe7283ba0e::91a3197bb1c0b43781db6e2bd1f1a589e9ece8d0::b93d791296402f4ff719526ef12737eb422a73a9::da1acf178e3a71f139b79dc8705339c9b2e3672e::ab76ece4f69595ed9cf202326c226ab33234027c::657609fdc609cd6229fd37a58462cb33d0ccfd34::f466781a53398e70ff9851a8319a24d15d84004c::55cd2bf5da1aa231476ffa5f7da904c59e4790eb::1a508f2d467eca57b3387495c15ee61e7cb851f8::01b4c486d7c33457fb8a6d6094656933fdfcaddd::bccb0fe43b87b74d15e3aca80fbac9da3a0f4001::cf74661a11cbccf4461afb1e037582dc8bb26ad0::75915e8414f94caea1b42d9f67db48992a3138ea::8e148c2c19f31ab7a6c72d7b9190f8f16d6aecd2::e9be8051f5362f34a69ab7b613cd68bc8d421e79::9fa19676477c39822659b9ab3cb2724b99180ea3::cbc3e0e7d70c57128755e4c2b2e407ea9aa9c2e0::1f6479e21a5232804290e2b3c5deeeebbe73fb07::487b3299bf4cd15736d859a2ebb4818bf8eff7ac::40e1e10e3d85298c6a04027d95c22be2e7d99f4d::72d39d818a5f8e44b15f548809608c603a1adf26::861ef2cff90041bb407e89eccc5b8ca4662adb8c::b6f6b2bb08f220b5dc83517de1d0d4bc9152563a::bdded5ec61617ce254ce56f3ec635d96ee3396b6::ef0583baf0bec5abe9c7b06faacdff40b73c614c::657b8863c09c1b650adc050abbe768e47153d9b1::8e03784149af5893ecfc54cd9f559cb0855d8b31::f6472cec7682060ac53b76c9fc854bf9b26cff7c::1a39821da009a7186bc32aae36384f7713531e8a::58e1144434802f7fa358f078437be4de120d9c36::4aaa2114db2aa6c04416a65204345fdca0580224::c95aaab6cab90656949e4443a290f071a1765936::610deb7dc76cb4a5dfc3cd28e02963be97209109::df9fc54f1932cfaae156719757087af09a2186a1::9e0e1a2f91f8711a61710eb18d38e5d251917742::98d8a6d796f838ed55766a8318c83915eb05696e::155415c63de5b3d6257feec57f25be5208f8ebf6::3b262f628f360b0568ea175adebba96f1187579d::8231fcb428b2537ebaf635a56d11ae925f77d225::871aedbad26e05911b844d92197f975533c599bf::9694200d2760f320cb662c069360f810eac86416::d75d18674c9cf6066e30c0f82ba5c37d186d5184::e72a0da1498fad739c630b51449d76e82887a54e::7d18c1cc307558423da144f31e65983b846e0f10::5f93f85ebd941f8b11e4633fa83b04447b31e2af::b70f04a7abf5b7c74724faa9d834ebd0daf3f745::48b56bd593909832aa37a58681e80cfd4e041d53::fda549a74170efbbe0d2f37f2e34056b177e14ef::ad4eccb36aebc3325de22f4f46ed1448254f15d7::5050d87b5574afd0fae9e0e82a20ad12abfd6592::1165cdb85b92cefcf59ac39d35f42d168cc64517::560a5973aa48a24153504e8c2465c5c6998c4844::f2e8f85a4fdee8d5e70e95b4b37787d3956bf907::31a3259c50fb1e6643695923deccd88dd664a40b::a4738cf4a93cf8f415e08ac400da4e67273b5da6::227a33f3af7e2921f1837d03643cbecd5a5096ad::b5ccbd2841668d8ae55c6fdf8d2a774fe42069e6::cc05a89e84489b8a2c813727c54d23b1ffbdf8b0::21636fa0a53a05063001e56eee9941cc0858b630::d3ba8092c8edeae0d7c75dcd01096d6787316a1a::e0efdbd28c0f1804ce6047a29dfbc5ca8cc5b02e::e9f74573eab4f857b15286554a736ef076bfbde8::a98a61d83f0b39f6a41323868e3b190e7595c9af::399ab8fdd982e6ad06373fe6a9a15e2b68a76177::1e2cf1f95df0299ef7b0d823abcebcdd603c557c::368562b175e9e2d98174b96dde8d64263c721edc::86eaa6bf42c956ccb0b75d23e53235eb7dcdc2f9::461ff5313ac64edbbc2c2a9676602305b8d5c678::afdb86f9a96d5e474acc48b2accff1beb3ec61c2::0f6e0e5c8b9c6ccab87fad2fffec09fb6acb7b70::c0e0d8a8a82637973352fd89da7f740ec8b492da::3275cbecde72ddf8c66c0b7781b8dad977a7be20::ed693e8418a98d99cc56975d61ace0649df82682::af1bd129bedcc8fc512910cd0d98be093a968b40::6bc493bb95df27804f4e9c872613e52509a17e19::fa9683d5fff197e2139602c548368f76c2c0663b::d26a119e2f739d1cce926087b0baf5dc7d63eeb2::99b9713b80eb560286fce855b48275effe872569::c59daf7e48eb4c8909565cd9a6e8aa7ad1e08465::4e9b9aff8332698f02d11eb4389a399c2f6e7ad3::
https://api.github.com/repos/apache/arrow,4681,r-snappy::master,0,closed,,Neal Richardson,2975928,100,7,31,11,6,0,d7a74192add1d1c032297a1dcca78a0dfee1ef31::b911568df3013de83a3de379f50444f7f13a7a2b::a41544914d9e7a8fc38ebc5a3c5dc22b2c9062c4::a1c6390b6444efda2d479e7baa7217b661acd0a4::a5d967f0c5727ee0b684674aedbbd3ca4abde1a0::1af08413c9be99359cd2ce9e5933d6cf6553d91e::0996a30e2d2ce9ad36f69e10a53c8a352d96a935::
https://api.github.com/repos/apache/arrow,4622,r-appveyor-part2::master,0,closed,,Neal Richardson,2975928,100,62,265,19,9,0,af1852e79c4d9341b60b5f4f9424efc3447605ef::94c9a42df61d68186510dc1216df9e8053a122cd::39236f3f74a533e802bc6a2a1a581addcac48c82::8c3e898f8fbd85ea9c3afb55a708577f664f2ce7::f7327ed230cbb6ccfd10762c7c6bcbfa317619e3::d5e8f4ed488a91468ef439edcd4bc2029be891fa::1ba4839e2686abeb9aafaa4e4ba39973865e3cd9::b6f6c8de70bca30247d1d8c42f649c22d977a1e4::18803c35318d3983524d21ce137528b13ebc234b::15c0342d156265cf4477e4ba7fcb762ac04634b1::fb199110aa631a463258af5bc441bd671dbf9a7a::19b60df0795dc2dcd00596e00b958e5b3b3e7938::f4cf5c3dd869b7586b35167ed54af42eea50a24d::567f04142dca16c89ef8d062dc1b4988344a10f1::53c3a2084e7656e627f6f414dc9da5e95c11714b::328bc376f9adb2717d1505f96d8d7452ee9d8212::84eef1b2d05aab9e7fa9389e129e5f52156e8fcb::6d6a74e312c49aed72aec98d4ab6ec820bf78517::6add01f79d65b065239acbaa279e6a6ea4122451::29ea6af63e0c9912e1bee81eba80fc7e6daed47f::5837c243cf83d3c7a5b51f24961b7fc4a2c0bdcf::e621b3455001d3a6b757e3d7950f19ec7c3a524f::dad5f2d7cc3b615ce8d736118f9f7bcf485b729b::4755f87976ad1b07c9e25f494e7ac47d8504087e::0d3ffeddd41dcbbb0b6e5b0367b3c1dee705f622::7ab79fa9338517442def088c70a6db18b81364f5::5a10965c2468ae9b13b037bb77558e2b2e3452c9::50dbbec198888c9900b775c63fde0b83d6f1684a::d89edfea323d5af1bb425fea4de6d540366adfab::cc3d9a4dfcc2600cfd78cdede4107456b462ff98::f33a094ff5f3653afdb39890615d1d1f9785e2b0::3066614634b3083fd6d6e2d32979512002c65b30::d86c66cddedf3ee6fefd0b435d83121b2669a8a5::ca826c34ed0d1145b70242a6ab7ce2e53149302c::98334502347b4d9bf797b82c4b0fcc34d7833622::ed554f48760f93b664e05f82db6d7707ee51af14::c2eacc759247510993ef33d95ae129341ca46e88::541d4555b53952fc12ee22129b6ac4910eca62bc::72372a658a4e2cc2514502b6cafd8f07929cc14f::5de658bdf53f90f5e35358161246ffd5a45516ae::27aaf7fef40f10023fd62aac0b15a799233e767a::46181a0fd8d93a11232e518ff18b95dcb6d3868b::3f0d2441eb3e22b91fcbbf64764628a850428ac2::994c394cf8bb4c3d598e2a9253b9cd5ae0f65052::9c44946c46cb6740dbc1492434d119fa68bc1ac4::a2800109cc8bf2ed8821d0898f54bd675d198bf3::46cf050a5e37fca1908c6476e8495674d788745b::c7cdfd580622db6c269fb85fc895707f0a8b2b0a::21304b9c595ec4a254776e6548f0998e193522f3::e4e127bfff581f90430156f68350a9c3f5753246::b302acfa3d4e09bac30688d4f92dfb91798c0bd6::1ba73c2c4f98717e598d96c816dabd4f9f57eeae::cce77009244ad1afd0206054f76ca777c25ff1c1::976bdb291f775dca24b7ec6e9d55f6f4d9c3f4d1::51a6069b13303689a1f4c2f68e4a29e9595a086d::14520fdfcbd923d6426b4a4e0f8d6ea40c259607::f5f6da2f9d9ddda7a051aeaa77ba7838d1eda34d::9f560f1d2311ec3b1d82a034ce2f7469b00d08f8::c39d7e9c7b0963cd7726ef7d5071ec2d39d6d3ab::234dc93fbc5a5489b8aab66d5592eede644e39d4::9009969d9ad0f0012bec52e5821c9b05f1a0484e::294a9797f32d5e2d77c7b25548a48e9fbc110483::
https://api.github.com/repos/apache/arrow,4585,avro_import::master,0,closed,,,17869838,20,9,15559,0,61,0,a30a5ea617ee514aaeb08a91db72ddb69d0bb85f::435c702224402005dac0f8817ca66e338550cd7e::5bc7941a6dd48d16efd28acd2e1ea8b35ebfb68b::687044b51eb8b8c562a44516e5c6f65324a44051::d40130b6156cdb636a382305c74f20dcdd6cbc5b::48eadde5a2461b0315f23162a755af3ddc296757::070867f5e9b2db7a508db4dc5a229e3efc4d34c6::b06f9ce8167815ec07b0263fd904e61886055312::3eda89fc15f0bd87028a14d5073aaf2e43fbdac6::
https://api.github.com/repos/apache/arrow,4511,ARROW-4845/sign_compare::master,0,closed,Component: R::,Romain François,2625526,2457,3,219,215,3,0,e646f82f0e39509dc03e20b42dcae6333a367765::04a715817801ab828c9fcc1f868d17f4951530d8::7052b9e71e7ccd2933dee3aa48bbd2d5eb83516e::
https://api.github.com/repos/apache/arrow,4259,ARROW-5252-variant-backport::master,0,closed,,Antoine Pitrou,1721820,457,1,2929,1323,20,0,03dbc0e1458d44780f02aa95bb308e8556d1d36d::
https://api.github.com/repos/apache/arrow,4011,bugfix/rwinbuilder::master,0,closed,Component: R::,Javier Luraschi,3478847,436,18,97,5,12,0,5687fd7ac7eac1eeb2f12b954259ebf2672f6827::f730b2b7d2f0c6c4428482c0a42acd74195b1ac5::dbef3ace401cff734041c40ba25d660ab0184ef4::ac15461a656b573f575e7c4cdad1dd511faac174::e8d5783bb9227f0f97b3e26ff75ff303e3aa974e::6bb7098ef6d25162c247fea9afa739df7d02cdcf::c5e1f1509a14613d5f08d53d3bca48c56faba4c0::46f0b6be3112db4d5dae5a6079fc040a8dc6892b::63151e550faca29defad852825523eb4f855ffe6::591f765f69d547912af249f8d9bafbba7b8b71e5::e506858caec906b2d1fbcb17db3e4b8b4e95b074::72d87c99def41550687c7b5af982571974e45513::7a9e8161ea787f1e633edfac68abd51e917196d3::1730e1b28fc2d8bf943869ca83f94d91483abe2f::b180995f8735069a4479f643d52b2b4146ce0f66::2053c1fcac39076107c09541f66187b448960e51::702365911946715182e40e40261cb0118585acb6::5efa575dc72e00a24b9d052d632eedd59f599c05::
https://api.github.com/repos/apache/arrow,3932,bugfix/port-win-fixes::master,0,closed,Component: R::,Javier Luraschi,3478847,436,20,73,53,10,0,14bce9cbc579819db608d645dfd71916a634996c::9dcc347bf88241103358ebc4b0e0b4dbca40c187::aa91e2b531b2dfa3db68ea05e77698b3bfb6307e::cc12f9c1cbb6482f3795a8586ed5f270932eb09d::ee21495dfd1dd54a4af12afd9d403c8a14b5e4f0::169918fff536c52e399f20f65316a513ee88b902::d1ba6dd04b77fff7f5ca670c3f57d17af4534e32::e2e451e8a1646d537c2f134ae5bd86dcdd8ae8cf::59025b6fd09f087ecdb31d341a07e2decf6e7286::1d50c3032ff0c998a079815c63585c40846c93d8::7927aa0b3c874a3e3dc99343110a318ef867a1e9::b0fd448e90ec423ffbed7f8148fe43ee4d8a46ff::f008baa95f2e03c0d29af3efb9d1a22ba6a87710::892af4d44d40db1d75889d8d250e07264304c710::06858d0c47a4a6c76ef088f58250de9474e248b2::21e0d9dff7d108ca0b3eb58940a84f78f4134e22::797c3b57223bb0c47d093a54f8e76c9cc720a5f6::30ab27980a9aac60d17bc9c8a19d15ca41e80a17::a44d1f553a3d1716dfafa7bb02753b8c4ed13d3f::5806d5ebcf2a4f98c302ed785741208f1842721a::
https://api.github.com/repos/apache/arrow,3624,rust/json-reader::master,0,closed,,Wakahisa,1876878,63,53,6732,1744,177,0,19075f95bee1c2733d4e044af4cee9d310cca428::f921ef8ec70b5495df09bd60de1903b3c3639e0e::000d52904aede585714347a630f2d2d1f5f94824::b31845d23228f99543e6c7e403f311680c7e16c7::35b28719fbf2fe7bea47f17ee93bd771020bd9ce::41e3bff035c8f44ff3cb7794b68ebb4d08cb641c::a5d8ccc3fc7671986c38cfe3558b77e0fe157053::61b2926fdbd07dae3bfefae6aabdb2dc4a18f48c::579fefbcd035f7e918728d66b2d32d6316102cdf::3ceef460086335e2346979c66c2b3a97c27c3d87::af60c2e730236cfbbd207e1c0bd655bbb230bae1::75b31660819d30f9d579530123806430ca359494::5ed6fb5bc2a1f718de3cbd72a63698ca023c2543::27ba26cad39d92713e17d811a65ad0b87c587610::d831e2ce5931f520dc8be2ab3cf2d243999f85ed::51b514316214b2946c72201b4594e6f480665b2b::69d595ae4c61902b3f2778e536fca6675350c88c::d3825b6a8ddc096136465883c1a891a5acf2096c::0405bf9d7e060e1cf5e9906c8621b172c398e629::6d8ef01847192c97e981cad2437bc30ea51e1d03::2571b03cf8dbe1c72e5cbe1ccd921fb07221685e::49c70ccfa70f041e7830628ef6a57f1fbdf131a9::148213e3befb02ae345cf5f62cb40d7f8720178a::b9819e8e705932f28cb2f7b0115286bbd2bdefa9::47ebb1af1f6e1bcac95cf99f8258257f471f043b::bf138a848e6c52fc9372b3fc7c5001dbd7f70bab::40b0c88838b692518fec80835c70233629010e31::10e8942990a48fe96ce87ac2faff12648cf2a307::09cb71c7a02b23ad685709062a93576abe336b1f::bdbf630041668b5503d15fb0a3bb0e1300c6f240::341f1b25c09f1d0225ba2c18c931805d9ecbd2c1::524a9dc79556a15d1f56c094913f0e0682358844::e1bc0d4bd8377c1782f779a5d37ba3c7f8d3105d::a374c3c3af0a2524c51a7a1f53d6c838f7806de7::bbca7178adf1214425f95164a887989b018707f8::b74cc6547ad07e91351f29e7b0fa84c7d6b81e09::aa765aa2165b99ccb0f25820b3d67b9cf439890e::0c340b4a4a1bcd71c3c1a97415d6c06ceaf43c2d::bb78e8bd330465ba311a5b350c1303bca8ade5fd::cfbe0ce937c8587739dffea8345ec3c6afd6d032::a7e93a5f25c609179ff849315ba18486b6a4fae9::3f3da9d6ecad8c2dbae22dee3919903d3bb84736::3606aa21f766a2c0c55ebcca9a0e7a3fd2157ae0::5e2445b63d46b85a9a1dadeceee5e6159e10cee3::811c7dc12268b58dbb35eda9e0404c7fb5a2e876::6321a012c2bb639780d93c90d8d77a35728525cd::7eb7c5d336da91dd1affb8f847de7121facf9521::33fdc6b67b9725375ed68b486cbadd400d58cd0c::b7bdf69c8c7d90a0dca7f07408c442e8e1fe4049::e49b1a6b92c2dc5f5810961adaf0ea59dd2f572b::c34800bd8eb2043bc2cccbb04bfcbcfdf0945240::abd9604e0d14d006823bbba590803eab511487ef::56c92c0fd97a647dc9cae56ee0b7ecdacd752211::
https://api.github.com/repos/apache/arrow,3404,stl-extension::master,0,closed,,Uwe L. Korn,70274,536,9,561,25,10,0,30e66f9eae2560443b60fd161d5034075eb21879::1ab23f875afc99fba021e44212303ae93669919b::e037507c6a92f7c5df48913b4800d6a10cd7b90b::9a08a3eb37e87447088da3e23378e566fdedf5a0::1a3743e002bfb21a2c4500b64edeb6ed084031c6::8b472da8a40d809c7bb9cf2d0f89c359277ce571::386e5bc953546b3a88c4988a43a631e04db3e910::aaeacfd140a5c7fb25cd440fe4e4023be22edd2c::4856260aacffbd21af5e2178c19ed0a87818b9ca::
https://api.github.com/repos/apache/arrow,3168,ARROW-4019-fix-coverity-issues::master,0,closed,,Antoine Pitrou,1721820,457,1,61,36,13,0,6311aa99a123bd25bb2da3278a8e183e42a7c45b::
https://api.github.com/repos/apache/arrow,2974,ARROW-3800-string-view-backport::master,0,closed,,Antoine Pitrou,1721820,457,1,1505,166,19,0,4353414b6e37f5f356ce6a15d152374a557756e2::
https://api.github.com/repos/apache/arrow,2942,decimal2::master,0,closed,,Pindikura Ravindra,4161430,7,14,3128,235,61,0,b76a3ec1b0e14fb8faae2fcf013e1d1980208de5::54a210511e83cb2bc76e71f52920298978c88150::ecaff4631d68e02814a888aa6a4b3c9fb219815d::9cbd4ab59ec20085db38639bbec1752bc16cc93b::8a227ec9c1cd34bf148bde71c57c113a793a71ef::59db4603db5dbdb13674d90fdc2f9ede040bcd4c::75f7ac9d46d59d32fa43155fbcfe28e5a3a3a38d::36691c1c718a97e8de51cf19f76b9edbf521b6e6::5d07b79e2b9830f96f807a619ef85e9f4eefbbef::194c4377a38fcac989a0f8878ef775f1cdd3f9f8::db8581162504068b87a930c0b93a626c6fe861b4::c0fddfbc6e79afe510cc71517b89a27ecab20864::61352460290d96af92f8f8f45795580cff47a5eb::0f7e78a76eee8f354c170307d68ec92016cd6535::
https://api.github.com/repos/apache/arrow,2771,ARROW-3514-zlib-compression-bug::master,0,closed,,Antoine Pitrou,1721820,457,1,19,5,3,0,5b607327b3693956eca26c6367ea449e78e3f0ce::
https://api.github.com/repos/apache/arrow,2161,ARROW-2660-zero-copy-pickling::master,0,closed,,Antoine Pitrou,1721820,457,3,51,13,5,0,892302a95118820579c757c8292c2ef0c341f6b4::132939c23aee6fe95533a42e7a2bf2aaafdfa21b::50f049133eec34f0c64233361c4d1688a3301a12::
https://api.github.com/repos/apache/arrow,1909,ARROW-1018-open-fd::master,0,closed,,Antoine Pitrou,1721820,457,2,893,378,9,0,57ea1657d98771cfccf8e4d3f7631d53b050a6df::0153b150dc5d2d0e47ab09149752c8d1202608b5::
https://api.github.com/repos/apache/arrow,1186,multithreaded-from-pandas::master,0,closed,,Wes McKinney,329591,13671,6,76,25,7,0,6a58c038a7c63177e87474a55b4cf4ea1a119145::15841d1364cd1cdce4edf791f496d2b4a5751ec6::0afab342fc97db1fd986371fadbf730be2141ba3::5a692085de313de5572a24aabe6c29a49f36d6f2::c30e4735d6a3b48ff69e7d51cdd1958bf80d9097::a3072f0ed7c1d748fb8aa16a24ebac25391f3f69::
https://api.github.com/repos/apache/arrow,1106,glib-support-glib-2.40-again::master,0,closed,,Sutou Kouhei,27350,487,1,106,28,6,0,cbcdf9aba27ce54a5d9c22f20416c5853ebaeef4::
https://api.github.com/repos/apache/arrow,742,plasma-store-2::master,0,closed,,Philipp Moritz,113316,166,53,14411,10,47,0,e9f9bb4afabaf39a6f34f9ab3e895139bb74bf25::9ef7f412c5aa8338dbd0c41413e087a3527b0dcc::51ab963098d71929757dca83c98edae2ffb38b8a::04c2edb3b091f1bcb2bf28cf2ecdb1902b05135c::e649c2af2262431209a342c4175559b85c6ec780::cb3f3a38601ece4e021cea8e9e79cb2cdfe11b7e::99537c94ebdb313c175bc0909ddcbf7f5b8f511e::63729130d0f8ab59bb0261942f9299686e5c0964::c93034fb84ed254cb77c1b87d0362aa0b42d3199::6cee1e253c5b74b3cc5b276e4a3553f7ce1ec967::99420e8f034010f03f289d0ca33d7493ca5ff07d::79ea0ca71db9a277f9c844d160328c5b9fa1b4b2::7f7e7e78a647320c6903710de591d8f35a57ede0::b1e0335a8227ce6997fd5151846057a009b4303f::74ecb19907db52ea68bcf980b3083760977fc4bb::e11b0e86ef1e4cea524383442aff06c588d75d60::f936adb7b3f2a00ee282e3380abca361bb215f9f::d6e60d26c92c29533f62b816bf6321f04461c1d2::f40f85bdb85314bcaa38f104c9c040eb9f33b7bb::ed680f97fa56338d7a00dff7087e83c38f1447b5::b9a5a06e1c747fb95df6754c81fa4dbf32ffb735::0b8593db5fdc66e9e5b152edcfd5f2e8cd677f00::9e5ae0e17130ccffea8acecbc43540a1a9b1b91a::9c703c20de8d62c1c930eca418edf5fe446a5be9::217ff3d8b7d6fd39e9f6798501c793772a79adef::7003a4a43b81523476e976f524b1c15779eff085::65ac74336649047bfdd4104b8248162d1c005302::8daea699f851350729fcd1b17bf486741d8a64ac::0fdd4cd5c3d9c23ff736120751a90f20878b149a::77d98227471e941ded1945b1f20a29a42cea1190::30bd68b70d827bd7cadbded8530aae840207c6a7::627b7c75b41c0e4bad44c0f897c61f4a5af3cb63::ca80e9a6bc7948a184ff4e9969db697e306bc382::7b08fd2abadf6e5cd6d18a6f45fc2463db117316::27f9c9e8c96f88cffdb4057c69bda269aab3736e::b21f081429d00877b6875ea73c65cfad0f414fd3::6432d3fa1482fa262e4ad31f24ed316a7e6ba752::e7badc48ab4df4f56ada59f17728f75df460f0f7::214c426c8606aec78691241c9fedbf9c3565c247::b36c6aaac1263ea82bf1dacf8bd4fb33a191a4c1::a137e78395c3e8b5d4de02c9b68b32e5401b3809::5370ae064ad206897c2b881e121b8c9c0f84fb0d::81437920a416bd0cc3db25295dc7da54be747de0::00f17f24efef3689a2bed95538953ac24799b365::4497e337565cd3db951f6f2692a1e4c548cea1bf::61d421b511a43c78187e3f12c38c6004117c467e::85aa17104e315abfd73c04abc816c3e5eaa0deda::4c474d716086dff810598268b26b71f42af23894::80f9df4061a739dca30072041a15a214408e3577::0f321e16a68e95e2aa4cf82b10a9303b86948386::16d1f716b220e3dbce7193271d4a8648d77de87d::d67160c55c9f94c895962113305ec7887a2cf505::c100a4535d5ba7e8cdd746cc46a88f92286dbd4e::
https://api.github.com/repos/apache/arrow,568,ARROW-824::master,0,closed,,Julien Le Dem,367841,262,6,134,71,21,0,ec19e7dc04619da6011b72682c2c76b8a871f83e::61518ecf12cdd7eba7262e0d1e4e00c9a58829c8::b0da88c30f3343d64d9923dacb66ed9cb1677497::bdac7ff0b79d6986fc9ee56ad346aa9627d030e6::e37385cfc2a6c247abbc98c9a7e1918911c2e0dc::3528ad8fc63a0c0cf0a21a4451542daaf3e06e9f::
