https://api.github.com/repos/apache/nifi,4565,NIFI-7869::main,0,merged,,Pierre Villard,11541012,114,1,88,0,4,0,f151460daf99a035a93e6ff815e6cce4e0a1ee4e::
https://api.github.com/repos/apache/nifi,4564,NIFI-7868::main,0,merged,,,184268,28,1,162,36,5,0,8ae9990d5783d42364da5ed459452ee4120d2e27::
https://api.github.com/repos/apache/nifi,4563,NIFI-7738::main,0,closed,,,57680836,0,2,381,80,19,0,ca04ccb493baaf1063c37cd675c1ed907ea55148::faf0e3c2a2aaa0a2fad35c94184b92d87a034d58::
https://api.github.com/repos/apache/nifi,4546,NIFI-7673::main,0,closed,,VKadam,56328193,0,44,7430,558,159,0,b18d9a93ead0dbd7036b811f56491a62deda3274::50e967f80ed3cd6e9cb4840d39e573926c3ed880::93d238ec4a18e86caeaf8a95d38a8d023afb9558::27ef44e8f9b6da0394b2db08228ab579afa3e8c6::8981d7af98527c544deb33896d7c70a9796a58cb::7f3e35cdd13c429382be567e8225550047161627::9bdac1a7671239b5312734a96976483b883f41fb::8d7c218e10b86f72a3e867b7f2c4c45071af84c3::7e0bcb98e1ebc3bc64d1a33dbb7d626496f6e1d0::e09317223e0ec0571e16247691497daf1cdbb736::9c83908c9c94dc34b640aececa87e8ace302d8d5::f73a019f36f0ef6ebc4dfc634a856fd92a36f3df::02ee999efbb41ad0bc7c754d3cc322a7a553ce5e::95fb8e314421221a2fd062e67974b8a5199914ea::740bfee8f4c11f0c0f904b17ec2c82ff604b8d76::fa0a1df23fd446db4b9e1b526341168a5f2c6046::a57d38c58d6fb3ea84d64dbd26a62d4a444ec48c::f9ae3bb9c970cd8d6d1d9e10f07cab9bdb66baa9::a66c3d8168cc1bf8e6bb074d4cb570742e49f643::62f4d098837daab94c559f75a0eef5427e6234f1::b2489f764419a6f6420dfc4533adf427108e54c0::e2ccfbbacfa7321e0bed2e7a23e4e26ca6e2b36c::6990f0d3a9962144c99994ab9156780e633023f9::f32405ed16b7e07a0d445f1ed19032acaf33246d::5d37809d30aa8037c2306c875a0240248767d076::be72dbb8155709cad1d0c0141a960c5177c77041::b4faf210d8666c65cf746f57a9ed1b5f54fc3e3f::0d9f2087fa8d67725576479226ca17ed534aeebf::f4473afad615dbbd3605d99696e8f6261f15916f::7cc37133898b365e81eda884cf386a4f7e3a7022::325a49556c6cb2effbdb936889ebf45b212d2a46::de39a3d9f4c8a01f193b0258173cee5694c87f0d::ea6b01159d16a1d14e611f3a211caa42fe5577f2::efb629e37d487ea72d3e08e1c479e98f7ffc8291::dee2fcedfed4a20f565eec66425a8790088e05c1::668c278e3099598f7a42aaf6da1ce833c951fab2::82d3fd6cd628a6045b4fb87007190abd7ba8dbe5::a95ffce6bd451fc4a65bb1be9346a05fd42c0f41::96eca70758a1d608bcda29153d6c04d2f84b0dd8::9c43fbbb94f0c0cede077b4159b199ae5227b86a::3fe30244115248a8d0abc12e647823bae8f8ff6c::366c0a330af66683d2b8fd1a30879f8ea78cf0fb::10ea172f8aeee2cd67494101d0ea21771825f5ef::6e493f69060ee63ddf9e3754b8c454326345b25a::
https://api.github.com/repos/apache/nifi,4531,NIFI-7811::main,0,closed,,Matt Burgess,2124747,89,2,117,48,5,0,b06874f4ab59f75660cbe67799db38cbea278745::14638006b471147d2540d232ab9d8010a7637718::
https://api.github.com/repos/apache/nifi,4530,NIFI-5061-NiFi-documentation-incomplete/wrong-for-EL-hierarchy-::main,0,closed,,Alasdair Brown,8709801,26,2,15,4,1,0,322eeea52352e71dd40f25e846818fff926a9f35::1cddb3b56b22d55621fdaf3ef66b2b449e266fc1::
https://api.github.com/repos/apache/nifi,4527,NIFI-7800::main,0,closed,,Matt Burgess,2124747,89,1,2082,2082,2,0,676b916afbfa19e20509336252dfa55e6be5f114::
https://api.github.com/repos/apache/nifi,4526,NIFI-7807::main,0,closed,,Alasdair Brown,8709801,26,2,186,1,2,0,aea05731b774ea4fef30ee329fc868fbc15038f8::e24beff1e35d7f54e51b62cc9f45dfb2a780bdfd::
https://api.github.com/repos/apache/nifi,4408,NIFI-7635::main,0,closed,,Peter Gyori,63872658,1,2,5,9,1,0,295aeb7dcb48c4c94a286d265455121d74e68299::52b3d90912a68ac0cccecfad7ab8a8da3d46bf91::
https://api.github.com/repos/apache/nifi,4407,fix_7623::main,0,closed,Stale::,Hsin-Ying Lee,23164757,0,2,27,0,3,1,bbdb5bf6958932b76637ed795381913596e1be33::a6ebf09f3f4c4dc99df65f7e02a6544e36f402af::
https://api.github.com/repos/apache/nifi,4399,NIFI-7469::main,0,closed,,,184268,28,1,86,56,12,0,81d9243bddc7605a939bad3fc90b136fc02db032::
https://api.github.com/repos/apache/nifi,4393,NIFI-7606::main,0,closed,,阿诚,21312425,1,2,61,2,5,0,0b1b7d7c73151ad7a365ed0b5700c991e87c45f6::3312edb20513985f5b512b8bf6f3eee579b4f4cf::
https://api.github.com/repos/apache/nifi,4392,pg-replace-cli::main,0,closed,,Bryan Bende,605416,82,1,195,0,4,0,133d8932f667ba7f9206c9a7aba207e6d482ee14::
https://api.github.com/repos/apache/nifi,4384,extract_named_groups::main,0,closed,,Otto Fowler,1111551,27,2,746,25,4,0,62c206c4c4a928e843b19e06caec8c0d3e58aad0::e35faedf44ff5dd95489e9627f59310e4ccb3c9c::
https://api.github.com/repos/apache/nifi,4379,NIFI-7594::master,0,closed,,,53442425,0,1,12,1,1,0,4c6a2c3b5a739ab60fef94836745e6112d5aca00::
https://api.github.com/repos/apache/nifi,4338,NIFI-7539::master,0,merged,,,184268,28,1,61,13,5,0,da0eb8788a15ebf313358168743d5ec94889d895::
https://api.github.com/repos/apache/nifi,4255,ReplaceTextLog::master,0,closed,,Alan Jackoway,450988,12,1,1,0,1,0,5f5e944b45d377e0de964ad100d963b3b42ed96b::
https://api.github.com/repos/apache/nifi,4250,NIFI-7401::main,0,closed,,Joey,47344,63,6,620,19,9,0,3635008678814b4352490fed55d650679aabf2f0::c99a05d6bad95adc9fdd5506a2d7a9bc5874cd9b::7b93b32787eaf0b649095305f9041b0c0de37e07::97541e0e155387816b4a191c7bea7a185918c128::b70e42e6d0386314fe003df687fc0c640ad8b997::04c9fcb856f28b60b7119584d890c8c59aae48ac::
https://api.github.com/repos/apache/nifi,4079,NIFI-7192-Fix-nifi-sh-install::main,0,closed,,Roberto Marturano,11529319,9,1,5,0,1,0,119688e4838ad460c1cb7004124069d2c6163f57::
https://api.github.com/repos/apache/nifi,3913,NIFI-6925::master,0,merged,,Matt Burgess,2124747,89,4,80,53,6,0,a8c4e1cc2cdeec0d301a589abe40d4c880ae9c17::8f475872d4eddd8d6bf765bf7b635db4a6a8937e::f164f05895f9c78603535552cae14180089c7153::cb11267ae210a4cbf232f2df7c7ab8be293dc6eb::
https://api.github.com/repos/apache/nifi,3903,authorizer-factory::master,0,closed,,Bryan Bende,605416,82,1,9,5,1,0,3cf1832904b6c26fe0cf76f706c391581ab4998e::
https://api.github.com/repos/apache/nifi,3883,NIFI-6831::master,0,closed,,,19499288,1,2,3252,7,41,0,c80948ee68c8bf47af58875144c05ddaa729f33f::3ab154449b96eae3559d911ede156e705906bc5c::
https://api.github.com/repos/apache/nifi,3742,NIFI-6550::master,0,closed,,Peter Turcsanyi,35004384,1,3,1963,892,36,0,6dd2ae10ba124bd2db138f8a02511e53a9b515cf::22ed38e8bee7fc9d104ae5ffc33ccb4dc21a89bf::4113fbdaa0f7e329cb873242d70a445308d6b4a4::
https://api.github.com/repos/apache/nifi,3611,NIFI-6009-Kudu-Scan-Processor::master,0,closed,,SandishKumarHN,3078999,12,21,1524,25,11,0,e702eab08fa20e645a8ada64cdf82717bec674d4::a967964fa763c2cc484ad7e3fdd7844d96de9b9d::d8a9d1a946da5cc9f5008a43489cb6cd589c3400::7f094031e8a7d56d9d33d1ba372f421227f64dbf::d28676f8a37c08f09694fce3c6cab8ae3093e1c7::99a03a04948f6862d0388215b9a394d8a0c15cfb::224a15c90d95b02153826f29f152500d8f7a3155::8de7d6a7bd63eeedf196363a5733816c3bac394e::4638933fe9dcf8a17da3d9fd3cf274706b40b22b::c6187eaa8dccd39bc7f5b3e1817add9afbf7f9fe::6b6a3b30e844b0f4c7195c83f907a0b84dd92c7e::b5b45597aac899718bb7f90c827de5e1990b8cdb::47f9f6b510d1c993c6fc13099290ab2464a5ea70::ca732e8de7d2358d995a4e66e8274a1077909469::e04e43f2f397cccc86c10f73cda12b4cc4555b77::c6cf293c0e0b76deaeca249ba17cad731ad42e47::3ed1078c4845b58cfe23fdedaaef9c2754f7ad5f::74f18ba3f3a13eae18dc86ccc1eae4198666553a::133f4d62806e64104cd762c1aa0138b97b907298::c1c9d044d826f290de958fd35075308a63c9154b::203c4a1016b179f8da0598dd8b9f7c97b1d61de2::
https://api.github.com/repos/apache/nifi,3602,NIFI-5839::support/nifi-1.9.x,0,closed,Stale::,,26909242,0,1,51,12,3,0,33c25f6a219088bf54f9c5c559e86742d42ce818::
https://api.github.com/repos/apache/nifi,3551,master::master,0,closed,,Iván Rodriguez,9483972,0,1,32,25,1,0,76ad100fff1bae50c5f55d4b602f1de1da8eb71b::
https://api.github.com/repos/apache/nifi,3360,master::master,0,merged,,,8515997,3,7,234,12,4,0,45f511c9b66b48045983bb48948ea7e14279d93d::8b67ab917743dc7e0108776c348dab348801d9c0::aef836c3788ce50d9989e08d7d7c778ebfca63bb::aa9d88d6d91c2a6062da1e5c7e6ffee6dd219705::c7fec138a75f821877eabdbc6932ab71028617c6::67ad6b9752c6f5b14eb7472c6b4abffec3eb7492::b5795624ed7f6ea197a157f8830313c5968cc99f::
https://api.github.com/repos/apache/nifi,3359,NIFI-5267-Kafka-ReplayByTimeStamp::master,0,closed,,SandishKumarHN,3078999,12,66,21623,3586,845,0,e6c2bed34ca2294dc624ef66555ab6675a1b613f::6f0e9b38b9e88a883c11a79531e82d798db84937::548ee9d65076ee1c0f4493eefdcc6c5364fc06cc::bcf7d8b3ad11449033ca7f932931683eb17aa7b2::b95323e796617352da57b7726d4119d449754117::3e4eb75fc22c262171e8590ff75e41839d0d034b::2a1901a5eefb1549afe1686f34b694d1194956cf::e222b40829fbcfefdd527b929e8234425c620493::546ee7571722949969eb90946533062da42ad583::815f4a58b801f0269c9b7a310329ecf56fd9ff52::0d0871812e9ce8701a3a023687e86c013f24340d::582347daf1442e61bf12b37a0098a324b9dfc146::7672e72aa5eda22bbb915b3918b3db93b6389e37::83d031bd8492d9674e3f391f996b55a5b3a68f9d::e84a04019bdb30c6d45e423a561522338a13d571::05c6eff008d2df775b357c843e2b931b84b8f2d1::392f487bc7ce2e6d3ce179ec906f2faf510e69fe::09cd9106b36e89e14c9b9eea5e57bb1a83cee34d::7527c403f9d956985868649e9ecf905666bfbfdb::fc7afae1916e2913ea050fdf33a34d7dd4cf1476::41cf726858c3758ed68c4230284144eb94d3ebef::4d3ceb00b3564b1b42f9c2ffc508fb7f16cbe927::75b34b55e3d040ea3d12660094ecf7ec2aca8718::b59718a151da7a0cbe412129580e167eb9210ff7::e57b13df15de78827e329cf4f149c49475cf437d::b48c4c29b8df029cdd6e0a184a322290b2b1dfc7::31651f488951df5c83e317991ed5bc93e41b65c8::f0940c767ed73584510a869a1db4f5ab6c8a0b2e::6cf8c855f716ad833808f40f4cf9eeae91208ef6::aa30249a454f3db8b060a7c84ae5aacfbbbc09ca::d4f6fd4bce2540595723c8c238016dfd61a16bf4::820fc6fc97281d643bb7a7b58f5a1026676dfe9d::95e24532bede9576a111c0e33d2ef49f72ed978c::4c717d923255f60b0be56efafa9c618d0fa23159::eb9ebddc5938d8d954c3e4bd06dd7a7c19fe9bca::46d10fb68f6ed4069113032f197c7a2eb815a527::c5e05bd7be8d2fef0f149010559540b8d9918ef5::1786ee155bd62e349b18ada054c3bc0d11ebb672::22eead12b8781837518edd4d605b2ccdd75d6c73::df74a1d5bf3c0f80917e3e1c14f4f9a40321407e::00192c74a9721a3fa38cf7d8e2543bb5b8b5647c::37a4821f46b038d9c0ff0b84f0365a89e3caff58::6f9cce4108b4fb7fb21674335df733ba1ae96bde::7f0d9cd95502cedfb53d0c37568938d29798784f::3a84f70beec5e6685168abad5295cfd2eb6f3d89::3a27337f748e0fa2ca1939cd41654e6a239a231e::8212c5cfa0d18907964f4cb8ba799e49ee98d3e8::aca5e55a38f3b109f4ca9b7c4180fe2d083ef24e::6258458c7d7bc474673c05c56e9a75e5b151f82f::5c0b918e01a2332e55c16499693e04d1e3315145::5e5109b3af654f7992cf3541f4b25b136e39f4e6::efbfb88b700c5d38bdae12239ab33dddcd45c2f0::d1fd71fd35a92aa1d702842c830b71046f8504e2::5d1b34fa3a6313a5a0b33ded6675fb94b24be7a1::296289ea1bdc897df7218ff8799436091fa88bea::1666a48af69c4f38ad1a0bc98481829c46ea0537::999ad05f6640ef42e9ecdbba5ab4103b0a110520::5205e792e82626c05bf5e5d054524313bebd11b4::214345d6169dc9369d08e70c89dd79b17edb82a5::b139cbdcae5bd4896682a52cf6c130d1e7d30f82::323b031d03c1976baf40863a0444440af4354803::2fcb21031b0205eb73a5a6f99fae405671128089::e3eef8bedf71fe8164c69429e0174b814d5d36e9::77449f71a68e7335fb91e6c9c30d5a935d90deac::aa91f930c2555de85313f646bad6e2c3668fcd7e::b7bcb12f762c40f9fb928686958bea8cb0dfb0cb::
https://api.github.com/repos/apache/nifi,3340,NIFI-6026-rebase::master,0,closed,,,38888042,3,5,417,86,9,0,d47fd55a4108a4ca6b8e4179d75572348d0d6a8b::f79030b0f2d37ea414f33d81b45d15fc09ce81bb::f5a2b6715f8d9f8f1f8593f9123f4895445cae96::33d32f19e32c1b177749ae709ac7e8ed2c89e872::22c81d06aebadd8836737bd2c60ef843ef488000::
https://api.github.com/repos/apache/nifi,3320,NIFI-6057::master,0,closed,,Alex Savitsky,20711595,0,1,107,17,2,0,6c553cbd82e368de43eb507d7ec8e85236f2099a::
https://api.github.com/repos/apache/nifi,3297,NIFI-6011::master,0,closed,,Alex Savitsky,20711595,0,1,39,20,4,0,0602a55a8e0dc711eacd2fb892e709e0b0bd843f::
https://api.github.com/repos/apache/nifi,3281,nifi-5986::master,0,closed,,,36886905,0,7,758,28,16,0,09ae09016d2e3c19bd75985d8f468560e3bdb7af::faf457abdeeb1e2362d8b4be723c5292dcc06da2::1c813c46e9e960f37400bf9ac4dc20a0d0528290::329d01b4334c8da1548b5a0e67bccde669c023c1::cc39d9f3a83e13385b494861f148160a79a62b48::61a911805db5c12d7697c13f2de3c8b4da3f52fc::6bb9f31042a949c442bdc8f9f765c4e8a895c601::
https://api.github.com/repos/apache/nifi,3279,NIFI-5984::master,0,closed,,,184268,28,3,220,36,4,0,e5804a144e38d021081994b523a658c18fe89037::93d78093a6caa87658e9a27815d44a2f5af2facf::592961c377f756ff1b18ec5539e41acdcb9e1c98::
https://api.github.com/repos/apache/nifi,3276,NIFI-5953::master,0,closed,,Kourge,27643232,0,2,19,0,2,0,0f089c2ac3c7af4036ee16280f047bce9c7f1130::d5197431c55525a82ab8166a9b789d3bd464e1ae::
https://api.github.com/repos/apache/nifi,3268,NIFI-5947::master,0,closed,,Alex Savitsky,20711595,0,1,176,8,5,0,c22a877527219d5347cd6ae277a248df1559022c::
https://api.github.com/repos/apache/nifi,3220,NIFI-5898::master,0,merged,,Sivaprasanna,23693101,3,1,2,2,1,0,10e29ee4d6109c61ee7277e9b3839452bfe99d81::
https://api.github.com/repos/apache/nifi,3212,nifi-5885::master,0,closed,,Koji Kawamura,1107620,82,1,59,3,3,0,44988792b47472a491673cd642b0e8557c274649::
https://api.github.com/repos/apache/nifi,3210,NIFI-5881_encode_filename::master,0,closed,,Kemix Koo,32858203,3,1,14,2,1,0,6b6a45b679950ea90cfa0be493616782a8318292::
https://api.github.com/repos/apache/nifi,3209,patch-1::master,0,closed,,Dan Levy,397632,496,1,1,1,1,0,c39f86f4a6ae7497663c8eb3584ad06b0376eaf6::
https://api.github.com/repos/apache/nifi,3208,NIFI-5872::master,0,closed,,Pierre Villard,11541012,114,1,191,25,6,0,2a71d632f75c704b07f04a2a4fe9596e2a56cb74::
https://api.github.com/repos/apache/nifi,3207,NIFI-5879::master,0,closed,,,184268,28,1,94,41,5,0,fee10884ecafca89861f29fd2b9140cecadc376a::
https://api.github.com/repos/apache/nifi,3201,NIFI-4621::master,0,closed,,,6462678,0,4,12,3,2,0,0512754739cf63785aebfc53a89bb75d37bacbed::9da3a8700244b4fdc06c634805bbc0b25369623a::4319d472a25fecc2bbb66501c98d91828470d15d::d4321cf72085786f1f0b9453270fc6c7c5d32fe3::
https://api.github.com/repos/apache/nifi,3193,NIFI-5854::master,0,closed,,Andy LoPresto,798465,72,9,685,160,3,0,1d4ecd3e4c078e67a6a04c1ffda48d635cf66fb7::50b7b6436454b3b0d7e36fd1f2139dd1f10b9067::fc16cf37439e1bee5afe58adbfe61c31bc77df3f::a0865667f03ad9e1a0ad46277045fa364720cd98::d2031d5a06713b69f1323215afe87efc8d93428f::ed51f48a3bee3750864b1415b5e85b42422ecaaf::867234c1e99dc4308b56d4fd0f6f677c8a2c9408::f11c852580e9203b4117c803bfe76be7dfd7abbc::9c267c91f637c50f1d178364ef4d9f6578df275f::
https://api.github.com/repos/apache/nifi,3187,NIFI-5847::master,0,closed,,Jon Logan,2231049,0,2,2,1,1,0,a66d2066d7e16b92e05418f920c96f480cbc28a6::2272179e5628424cd17c056c03acee92b82ac8f4::
https://api.github.com/repos/apache/nifi,3173,NIFI-5824::master,0,closed,,,184268,28,1,38,7,4,0,ecdcbba8d31af75b3406f336e5272ec3e9a2be21::
https://api.github.com/repos/apache/nifi,3162,NIFI-5806::master,0,closed,,Pierre Villard,11541012,114,1,1,0,1,0,3ce309c9a85f716751c61ea07b7b75d26688f325::
https://api.github.com/repos/apache/nifi,3156,NIFI-5780::master,0,closed,,Deon Huang,4414486,4,1,362,3,6,0,9c76da295069191c23ab84cdeba95907cf97cd11::
https://api.github.com/repos/apache/nifi,3134,nifi-5792::master,0,closed,,Koji Kawamura,1107620,82,1,53,11,3,0,2eb5f2c42f0cbc6a793cd91b1e821c4acdd10d47::
https://api.github.com/repos/apache/nifi,3133,nifi-5790_expose-dbcp-options::master,0,closed,,Colin Dean,197224,193,1,275,1,2,0,f599209c1af263538be7d288863ea30bd4461638::
https://api.github.com/repos/apache/nifi,3130,nifi-5791::master,0,closed,,Steve Lawrence,3180601,37,1,2484,0,25,0,4ab3ff90bbcab8d02a4ec24fb3823f58b0e39118::
https://api.github.com/repos/apache/nifi,3128,nifi-5788::master,0,closed,,,1668476,0,3,130,2,2,0,2f36c8b1a732e249238f5f6f53968e84c05b497c::3cd7b3d45437e9bf1e23d95d6d52a4387b32e020::88112c6368d3e74d67ab101c797020e1117b6518::
https://api.github.com/repos/apache/nifi,3121,NIFI-1505::master,0,closed,,Kotaro Terada,1787125,44,1,2,0,1,0,63e923c32788f370bd1d4ad2f7f1645ec9d8e347::
https://api.github.com/repos/apache/nifi,3119,NIFI-5673::master,0,closed,,Bryan Bende,605416,82,5,3147,1162,122,0,d823fbbd2b3f4ded6c827b309b391f3a6fb9b9fc::b6f461d36d416ceb37fe37caf3f4400181115487::42789e59e7d8b04e479e7cbe615eec7d95d92794::c4d721ed37c2c5caa5dad6e43a335aff5d868119::f855fb8f80bdfeebb6301ab8e7a70424164fcbf2::
https://api.github.com/repos/apache/nifi,3118,NIFI-5771::master,0,closed,,,184268,28,1,28,14,3,0,2fbb61f852abd86a134916bd8b2f6fda5b187241::
https://api.github.com/repos/apache/nifi,3114,NIFI-5765_handling_WriteJsonResult_choice_array::master,0,closed,,Joe Percivall,11302527,13,2,57,27,3,0,6babefda6a533c0699a20d02a0dc84b25acc7ae8::f599adc4749d08f17403941069226da77b013841::
https://api.github.com/repos/apache/nifi,3113,configurable_autocommit_putsql::master,0,closed,,viscous,14146,5,5,47,4,1,0,f63314c3db909d99acce1a071faa889a9cceca36::95be35495c038fad426cc8dbb72a98f4722aee54::4d5c9b6afedde8c0377cd41d4a54038668d64ba0::1faa4eec8a4ef3536b98eec2dd63bdb071afed8a::b9352d494c4b2bbd44852eeba150554df857334a::
https://api.github.com/repos/apache/nifi,3112,NIFI-5761::master,0,closed,,,794295,1,5,41,3,4,0,f26389e1f7f429f8fdc7f84938ff5b39658e1af1::dbac1bb4871ce4582b727a2e51defac396693d99::74a8b590ccf5078a79313896cf488ced7a4bafcc::b64d010ef790e200f183d3f98d40d3cf7ef843c3::762cd8ff19f1f56f44fada6ce02f5ffec7576c6e::
https://api.github.com/repos/apache/nifi,3109,NIFI-5746::master,0,closed,,,184268,28,2,43,36,9,0,c5e79da4449db81119ab898f15ab7c2aa64b9c91::4566767ea130c16ffc6ad140b47f2a1de5ed7c39::
https://api.github.com/repos/apache/nifi,3108,NIFI-5745::master,0,closed,,,184268,28,1,18,2,4,0,1ee39847e6ecc0860bb1e272a4aba0ebf23bde16::
https://api.github.com/repos/apache/nifi,3105,NIFI-5621::master,0,closed,,Sivaprasanna,23693101,3,2,2008,108,23,0,ea09eb95ef529b00d4988c4a9e2c8974579a3f2e::cd59a808135ddd1b7ab62a053bfc870e5c3bdd71::
https://api.github.com/repos/apache/nifi,3102,NIFI-5737::master,0,closed,,Matt Gilman,123395,31,1,31,122,63,0,b10403bc447ef47fc31dc5c3e146b4e8e87257e2::
https://api.github.com/repos/apache/nifi,3092,NIFI-5525::master,0,closed,,Pierre Villard,11541012,114,2,12,6,2,0,97ae7f8d7f5c03bf63ebcc7fee74780f9abf7954::2a30be68d7b483bd69aad6eca9ea0f03ec974e26::
https://api.github.com/repos/apache/nifi,3090,NIFI-3792_Adding_a_RetryCount_processor::master,0,closed,,Joe Percivall,11302527,13,1,370,0,3,0,2a91eff9948c5b6600a5b64515170d240803d1a3::
https://api.github.com/repos/apache/nifi,3077,NIFI-5704::master,0,closed,,Peter Wicks,1015990,8,1,8,1,1,0,6c7e38ebcedd5de518ca27c1a356ef5c06bc39b3::
https://api.github.com/repos/apache/nifi,3075,NIFI-5604::master,0,closed,,Matt Burgess,2124747,89,4,118,33,2,0,dcc72baf1a5b0dff2aa8dfe2dc3d774c5ec73bba::039309702f234acb90baddb23ac21ee29ebce60c::f30fdd916f17190ccd3ae4c858f3d902c0667d98::e1ce90eeccea970fff7185a2f53b3c9b43f1935f::
https://api.github.com/repos/apache/nifi,3069,NIFI-4806::master,0,closed,,Matt Gilman,123395,31,1,3,3,3,0,bba58ee1cdfc7bcd36484e6849401af08cd6f23e::
https://api.github.com/repos/apache/nifi,3068,NIFI-5693-putemail-attachments::master,0,closed,,David Savage,349016,4,1,181,16,2,0,ec92185f4cb416bf47da3317d105e2fb9112c765::
https://api.github.com/repos/apache/nifi,3032,colindean/nifi-5612-unresolvedunionint::master,0,closed,,Colin Dean,197224,193,1,293,28,4,0,a017ff49aadde6dbddc0b89a88880f1a47a9803a::
https://api.github.com/repos/apache/nifi,3022,NIFI-5588::master,0,closed,,Pierre Villard,11541012,114,1,59,3,2,0,b8978480c64a6e4d6242caba51a562defd290fd7::
https://api.github.com/repos/apache/nifi,2988,NIFI-5574::master,0,closed,,Jeff Storck,19271493,6,1,2,2,1,0,c1a0ddca321a4ee7ae61ff853a9610d679ce28cc::
https://api.github.com/repos/apache/nifi,2975,NIFI-5526::master,0,closed,,Andrew Lim,18287533,6,1,43,6,2,0,4e0d9e6f3826f68cfc33082079475e86f1640f63::
https://api.github.com/repos/apache/nifi,2973,NIFI-5561::master,0,closed,,Pierre Villard,11541012,114,4,242,47,4,0,ca9c19c4d462eeeb8ece4eb5a67dc358349a7343::9d43fb6d0691122e64dfff65fcc89dd37b7748f2::a3e14eb3ee857d0ab6a4900cb918e8b6da1f4506::2d82162db8d68ec259d7cbca639c30538e7b4d49::
https://api.github.com/repos/apache/nifi,2968,NIFI-5456::master,0,closed,,Sivaprasanna,23693101,3,1,1,1,1,0,7b390a9d0b003301f22a89cecf07a622bbc78f5e::
https://api.github.com/repos/apache/nifi,2938,NIFI-5491::master,0,closed,,Matt Burgess,2124747,89,2,167,11,3,0,68f83ac1e2987e008c6b5ef7d5fcf6e18cc21c0c::823f3d5b3562914b8a7f3190bd642397ad45d5d2::
https://api.github.com/repos/apache/nifi,2937,NIFI-4434::master,0,closed,,Jeff Storck,19271493,6,2,316,10,3,0,6f525bf2b84603f10fd52141e7bff6af68c61f6f::3043429018edbfc82bc5e4b1c9fb00090d87aa3e::
https://api.github.com/repos/apache/nifi,2929,replacetext-content-el::master,0,closed,,Otto Fowler,1111551,27,2,53,3,2,0,6316b1cf324a2c0087d8554aaf5f9a4997e5a543::ee258a27c21f6c80c51585114686aeb5a8772aef::
https://api.github.com/repos/apache/nifi,2907,patch-1::master,0,closed,,Emily Selwood,645622,50,1,2,2,1,0,d0caabfab28473f6f34a03882286d95d96aa2346::
https://api.github.com/repos/apache/nifi,2860,NIFI-2738::master,0,closed,,Jan Hentschel,1908271,57,1,1,25,7,0,7996d46911d67df70f9f25318bbe355e6bef0b7a::
https://api.github.com/repos/apache/nifi,2859,NIFI-4802::master,0,closed,,Jan Hentschel,1908271,57,1,24,2,1,0,6a1bcb39d80d40518d766a24fee65865b5710d3d::
https://api.github.com/repos/apache/nifi,2854,NIFI-5355::master,0,closed,,Peter Wicks,1015990,8,1,71,5,2,0,01f7b4695f7b5e2b8a411a6d9329296c80676b8e::
https://api.github.com/repos/apache/nifi,2853,NIFI-5382::master,0,closed,,Peter Wicks,1015990,8,2,67,1,3,0,f234f0b2e654027dcaa7e72acfd0f3d035377bae::a46dd3bef88f862ac3706b620353a52c33599b8d::
https://api.github.com/repos/apache/nifi,2843,master::master,0,closed,,Peter G. Horvath,15800802,5,1,1911,0,20,0,02e338e3b2c53c6a0af8f83f44378b4a242e0ec1::
https://api.github.com/repos/apache/nifi,2842,master::master,0,closed,,Peter G. Horvath,15800802,5,0,0,0,0,0,
https://api.github.com/repos/apache/nifi,2830,NIFI-4889::master,0,closed,,Damian Czaja,5502803,35,1,141,2,8,0,6d6ca8412a1f4409968ee4e10dc2594c1a61a9b4::
https://api.github.com/repos/apache/nifi,2829,NIFI-5359::master,0,closed,,Mike,108184,70,1,6,0,3,0,9197b021ea7efde8858f9934a4d50f2dc2617828::
https://api.github.com/repos/apache/nifi,2828,NIFI-5195::master,0,closed,,Mike,108184,70,3,183,2,6,0,9ee8d4cd5bf8df8e33065a61d3e9e82a184b0f24::79cf6f43c1916f4c8b8db9601de0a36843992bad::0981252ffcab5b7520bdb951954ae3f875870932::
https://api.github.com/repos/apache/nifi,2823,NIFI-5350::master,0,closed,,Lars Francke,122850,38,1,1,1,1,0,a023118111c5a43f0ca93867b03456d41339365f::
https://api.github.com/repos/apache/nifi,2822,NIFI-5349::master,0,closed,,Matt Burgess,2124747,89,1,261,30,5,0,3a8e4cc89ae28c2641f459222de74fdf798d4dba::
https://api.github.com/repos/apache/nifi,2813,NIFI-5084::master,0,closed,,Mike,108184,70,5,1137,0,12,0,a5260e4c054afc0e09997d92e1c43eff7afd3975::52d88eb5f822cd974a52a46c0c34163acb5ba145::2e78e836501b4446bfe28f1379393e1b1135a315::3b4a6fecbdb88507c6da2b9d92d68ca4478d822e::3c3258676004ff746711b6bcb6edc13b486ba1c9::
https://api.github.com/repos/apache/nifi,2788,NIFI-5303::master,0,closed,,Matt Burgess,2124747,89,1,10,0,1,0,926b91d2b0f83a6dfbca4aee415d2842a0705291::
https://api.github.com/repos/apache/nifi,2786,NIFI-5297::master,0,closed,,Pierre Villard,11541012,114,1,6,4,2,0,589e631ec4f038b0cd4919305671a25b0ba436c0::
https://api.github.com/repos/apache/nifi,2751,NIFI-5221::master,0,closed,,Sivaprasanna,23693101,3,2,251,39,8,0,191e4f6c38a28a04cf82205d8f18386d536bda01::20a0a2850e721879b33f7630070022a59f06dec4::
https://api.github.com/repos/apache/nifi,2744,NiFi-5245::master,0,closed,,Seiji Sogabe,271370,25,4,132,39,6,0,3d3d604b1822104e8e4c0ee0177a98cd8bfd73ab::a3cfa9c3f2d2e9f3f437e515ae9a045bff83b143::fd6c855f166163416c355a0d581adb774bd8e106::8d9ce01a3531a0d8d43342676a1bdb359c80be50::
https://api.github.com/repos/apache/nifi,2742,NIFI-5244::master,0,closed,,Mike,108184,70,1,121,1,3,0,17d41435d8dc37eec8536f02ed38f6200801812d::
https://api.github.com/repos/apache/nifi,2719,NIFI-4585::master,0,closed,,Andrew Lim,18287533,6,1,1,0,1,0,d4f63af1b2b0243d65f30043a0d52dbd38d35b14::
https://api.github.com/repos/apache/nifi,2718,NIFI-5213::main,0,closed,,Matt Burgess,2124747,89,2,167,7,6,0,d9d31a1017bf037152e3ea7be3828f61de0cf92b::196df796b6e94b32dd807881596ea32251716d8b::
https://api.github.com/repos/apache/nifi,2629,NIFI-5070::master,0,closed,Stale::,,794295,1,2,146,2,2,0,859616f300986e62bd613cb3fd8cc05d823952c6::7b7fa4fbb0b950f51c29b9d4119377829a5b006d::
https://api.github.com/repos/apache/nifi,2628,NIFI-4942::master,0,closed,,Andy LoPresto,798465,72,10,1398,37,9,0,b122f9192394b1d50eb319eb2b6e1999aefafd30::4f7bd03d8730ec50babb66850d6dbdc05c1a4834::5d43edfac6fa99a8f4cba4174628b9133ff5a6f2::c2fc9555704b3df68a63200ff8bc850b2c3730fd::513dadfb29595d9755d220678b6233c9fb2a8c66::411b54f15871227d8128446cc131b85da00a56ef::1b2d6406b94c08b99b434bdc7b47d1cf1eb7319c::706015ce3fa745a7de0485e68e7cc96efe529d62::6308fd65b994bad637a205a5e661db4712cde811::0b2d12f9a440d207f1d21c06566b839a18efd089::
https://api.github.com/repos/apache/nifi,2625,NIFI-5049::master,0,closed,,,794295,1,2,134,8,4,0,20f2638e7f792ec84f61ea42f135587e2f30ea1f::9823232e84f122fb1e4972de21f2f2bdf5bfda80::
https://api.github.com/repos/apache/nifi,2624,NIFI-5063::master,0,closed,,Andrew Lim,18287533,6,1,30,24,3,0,b320d142ab09ac00a64b26cabc8a9bb158d7fd05::
https://api.github.com/repos/apache/nifi,2029,NIFI-385::master,0,closed,,William Nouet,8635491,0,4,333,122,9,0,79322c32537d98b83f3a432f298ac04b1c54cffe::99857652f91635ccd72a253bce912f056be0d00b::bd4a0f14de681a6162aff70153508d5281498a81::9e1f6f1cdd90584823f5534d19071da5395c845e::
https://api.github.com/repos/apache/nifi,1346,NIFI-3235::master,0,closed,,Bryan Rosander,596137,33,1,85,71,1,0,ad9e4483f6b69f08d85c9231b61063f376c0a117::
https://api.github.com/repos/apache/nifi,952,NIFI-2673::master,0,closed,,Paul Gibeault,21108543,2,5,478,5,2,0,ce027bef7029e47f75febecc28dbb0188decea55::e89fed9292d88cab4d0cabe4de1153fba27aecf3::87191e214869f4d7e86d6de9a0ab9af896df7954::36614be5a47f448dee50d6ba27c279b6db562064::57f9635ce75af5e55f45d02f184bc2485a710621::
https://api.github.com/repos/apache/nifi,948,NIFI-2668_replace_jar::master,0,closed,,Matt Burgess,2124747,89,1,27,0,3,0,3f501908d01654a0ee4602a7d510c1d54230ff13::
https://api.github.com/repos/apache/nifi,939,nifi-2659::master,0,closed,,Koji Kawamura,1107620,82,1,2,2,1,0,01baf6786175c213a64be131751f2c56ad39166f::
https://api.github.com/repos/apache/nifi,880,NIFI-2578::master,0,closed,,Matt Gilman,123395,31,1,21,384,7,0,b95106117eb31b5337b61ddd2e70fd239bb21930::
https://api.github.com/repos/apache/nifi,413,NIFI-1745::master,0,closed,,,184268,28,6,9875,3931,136,0,847b39f504226d7cc5cbb012214e3c964e8cbea8::9f206bd1e9d6a90f26b914b20d2aad113a320aed::9a11af53297a46a38b9f1ee881d7e040d9f0f787::6d74740684c2b8e63d90de79411625fd177fcb40::fb5c00aea21062dc288587540c2d0509c3e17a61::c9953350858a7010c5e562c68c293c1876fe63a6::
https://api.github.com/repos/apache/nifi,366,NIFI-1296::master,0,closed,,Oleg Zhurakousky,172397,255,2,5108,822,43,0,219b90f128ad534df316166c915b867c5657e9ae::1c06c5da06f7f00b48ebcdc5d7cdda398d55367c::
https://api.github.com/repos/apache/nifi,334,nifi-1738::master,0,closed,,Hejki,32815,11,1,2,2,1,0,4fd8ff38e81504b7060f80e8e156f618abb145a2::
https://api.github.com/repos/apache/nifi,284,NIFI-1274::master,0,closed,,Andy LoPresto,798465,72,1,1781,549,37,0,33016b37aaf9f82d795a8e0e0937dcf24c207254::
https://api.github.com/repos/apache/nifi,283,NIFI-1631::master,0,closed,,Oleg Zhurakousky,172397,255,1,2,2,1,0,3d6fb4e9d6fb249dfe2ab91b8a45cd7db4d4937a::
