https://api.github.com/repos/apache/incubator-celeborn,1953,CELEBORN-1003-0-3-followup::branch-0.3,0,closed,,Cheng Pan,26535726,123,1,84,0,2,0,1419a01cc99a5b8c2aa17903664e2f8a1bfbfe84::
https://api.github.com/repos/apache/incubator-celeborn,1870,CELEBORN-937::main,0,closed,,Kent Yao,8326978,328,1,6,3,1,0,35032cc6eafccceb73e7ad8b48ae0b9145ca79a2::
https://api.github.com/repos/apache/incubator-celeborn,1862,CELEBORN-931::main,0,closed,,Kent Yao,8326978,328,1,2,2,1,0,a16a3d87d78588cd52f33ad31b55fdeec612d818::
https://api.github.com/repos/apache/incubator-celeborn,1539,CELEBORN-633::main,0,closed,,Cheng Pan,26535726,123,1,584,0,2,0,d4949384d08657cdeea0db53abb341aeef6dca8b::
https://api.github.com/repos/apache/incubator-celeborn,700,ISSUE-691.SortBasedPusher-pass-0-to-allocateArray-when-calling-growPointerArrayIfNecessary::main,0,merged,,nafiy,30563796,1,3,105,39,2,0,fd2da4cda93405ab7715b363cd15bfecb210141d::baa76219c33d388460d50c73c29187ef222115ea::b8351f4afd4567d31e2ce5ed5e24b4782d36c112::
