https://api.github.com/repos/apache/ozone,5410,HDDS-9405::master,0,closed,,Ivan Brusentsev,20361284,1,16,993,307,6,0,bd49eec993deb836a942dcc927c334db3e8e82aa::1f31404396527093ab5eb438e4454c47ea78ca1b::cabdd896ea8e24e76fa115ec6a32ad93acdf33cc::7b59b7d684d33d31e4cc17be7736202783d2c1bd::33e49e9d6d69c2e418eeb9b8d7da2103d136307d::711cf25b289dcee2c6c3cf8d160bb8ae4228634b::eda8adab370dd77febed754e162a7570c8d89528::d88539c902f81c7df2895a76d4ae61d2bddc87d0::9226257d93f4a912bd5c9128b677a43c04c7026e::7e49e6c8b6458c3d099b98c5e39955e1fdebd0b0::61df9aa14feb6a7336f546d9d77a5d347a8fccce::4c2650b8a5bf79e21b922186cccf871d743cfb4c::76f39e195d61a083288229eff16b75324b6ad34c::1119855c5578f95ad325e1f1635c0ac1f20bb2ca::f31ad02348ce66adcf4c8ad5cb83345ad6b30871::65224da709f499f83e66043073994ace405223ad::
https://api.github.com/repos/apache/ozone,5180,HDDS-9147-3::master,0,closed,,Hemant Kumar,6820020,2,2,1755,1783,86,0,6ee27e185655af8dbd67bc433e5587ffd29a82e8::42dd61bef76ddf653811c4ae6529404f1d5fa522::
https://api.github.com/repos/apache/ozone,5076,HDDS-9025::master,0,merged,test::,"Doroszlai, Attila",6454655,32,1,1,1,1,1,c1e54fc2e60a69f2120830afb48c66988fdd5a8a::
https://api.github.com/repos/apache/ozone,4861,master-with-HDDS-7507::master,0,merged,snapshot::,Siyao Meng,50227127,5,3,333,71,17,0,c26cdbbe0f877c27e19f5fb5e7ff477a7c564b25::d6d23cbd39226bcfe220abe00d315577adfb3ce3::6afa1962b967b463c00e5c4c801287ffed123ef8::
https://api.github.com/repos/apache/ozone,4805,HDDS-8734::master,0,merged,,Devesh Kumar Singh,20607992,0,2,49,6,2,0,d80679f989cba51ce318a2f565e51885d213e144::40ec4c76480b0ea7f6daea4d221b508b53185223::
https://api.github.com/repos/apache/ozone,4590,HDDS-8261::master,0,merged,test::,"Doroszlai, Attila",6454655,32,24,145,96,14,1,5ced620e4a4930d29a73301f5bf3a4cfb110c4c1::d62b2fb94e9017081284356ef718038e6071d50f::d9cddc4e5463a8553094fffc3e74d5e1953abc3d::0bbf18f980c51671dd6a754b0551538f533bf968::87d681ae022624659061911823a4edc870fd937f::f59c0e09bdb691da939771f8c21d5a14cf49b3a8::7957394f6bb634107263072cd6ed1f161e2cc463::a86665015b0b683172ce271edb07c213d902f52c::c235e08cb851935d00d4d4f448a2e465b281b347::0eac2f39cc11dd72c8ce0ae9107f8cff5f117ee7::4d2ca7c81687f11d425d49effd3d2160b0f87c38::6f52542bb8c774f53b4a725d3b6f022e3a47ae5d::d9747bb966a605112501553254b951e4a513175f::ecd08f563a9e481267ad52d5d86abca980fb5792::45f0169510b842af09c59f9d8bad0bbd616ec07a::dfa9d20bb8d3f60f53bd105c27068a5304b7ed80::036bb69b9b4aae45ff17ef774a9c506ba2011109::10395f08f3b3571343634e3f94c7e294c9c92dae::2320d1423d1412d74a837f93058f8a7451e4c9a9::5cbdc4f1a34c30dde9bd2c4316b0591b0be98a29::721d2d782df09a4b383d62d9c6661433566c655b::27b0db9371a3eb5c5a770fe2b11be2de30414bd5::f2cff25867636f703b454ab74db7580fcc0c2690::a1e743164eefbda6dc94f8417209a22a1f955f56::
https://api.github.com/repos/apache/ozone,4396,HDDS-8156::ozone-1.3,0,closed,,Kaijie Chen,5821159,86,5,139,142,1,0,8ee4ed51e4665e4e4b19e9ab6b384f1399c7ebee::bb71f10b0501b9a02dd950974dae971b36416bcc::bde83246135b957a97da2722d208eb5436213c23::cf95631814f279a69c09babefb6d0606fce7c25e::44e3a06e2939286335e97d05ba87bbd102f7b68a::
https://api.github.com/repos/apache/ozone,3924,rocksdb-773::master,0,merged,,Kaijie Chen,5821159,86,1,1,1,1,0,716639ae26ad2ecd1b2ee79c7aa7d4db4034d805::
https://api.github.com/repos/apache/ozone,3889,HDDS-7416_unify_headers_hdds_annotation_processing::master,0,closed,,Maxim Myskov,2060295,0,3,35,20,4,0,9d43e2820ae059a98c44b8cc16f5ca62c539eb1f::a9efed23126a1bc7e1a3bb30f3cc7303c1a82901::3f3f88de63e429eb89c9795ca4a70f54b36af549::
https://api.github.com/repos/apache/ozone,3887,HDDS-7413::master,0,merged,,Swaminathan Balachandran,47532440,1,2,3,2,1,0,859f9bf2f3edc9d4a461bd55c8b34930701fe3d4::ecec7b670e23f1aa5a8bc0e38a7e52e4d7f40355::
https://api.github.com/repos/apache/ozone,3820,HDDS-7309::master,0,merged,gr::,Christos Bisias,74301312,7,13,34,5,8,0,7bba841c33c0f7fc6bb0b578011dcdb29e49d2cd::3987afb137d4f5d36ec7f9cb4ded7423e10b0ee7::5d304648feca4fb8766814214110ca785234e29e::8907dbef6f3bab7d5f17842f35c5baece74371ac::bdd1857612344f4bb68eb69bfe9dc6671d83494a::000a8dd3c20c86fcb78f7075eabe54fedcf719b9::1fea1257d636e683ceefa6440e360aa39a4b9b22::5beac65254238116caef03435451cb02c5dc1375::51ca10d500a5e006d689f3185d672295d4e685a9::bbfd2775268a2a47f0e0de3ed1cd4549078afbc0::cc337e50e452c374de4d010f4ac102812c40b109::9c1489532d8395a459da9427c58084f5e08c217d::e73516e3ecc949cb2c3754666eb3ebb7f03f7ab9::
https://api.github.com/repos/apache/ozone,3766,HDDS-7232::master,0,merged,,Devesh Kumar Singh,20607992,0,10,110,82,2,0,d5bc8fa3fc38f65a012ddcc7c6078ffb56d40c52::57b276b36ac43d08018774d9859bfef3d1feccc4::92edc7d581a99f00af9adbae3ca74128fb1cbc05::89f5cf45c5d3e817ae2b1035d503ac4db57a012f::24a5963236bc9bbd3ea5cd58d5e5f216387449a0::98df5d220bfff30bc68c2ed05daae782d1d49a29::30c4c183425bf5ebe86f2000dbc204bc20045982::335128b488be59e79965d38b97b1b7be2662e2be::f0cdfba0b19945fdfb8792d9b6f8e9595d13f35c::f2312087cc79fe0b4b34434beca5c9d36726d31d::
https://api.github.com/repos/apache/ozone,3712,HDDS-7164::master,0,merged,,"Doroszlai, Attila",6454655,32,1,2,0,1,1,88fba81f490daad5a2cd3e42f8c66643ec4b92e9::
https://api.github.com/repos/apache/ozone,3653,HDDS-6964-rebased2::HDDS-6517-Snapshot,0,merged,,,86830,40,17,678,948,15,0,bea3ebc930a9de0f05b84127adf9dab5d0cc9938::2d18f034a2a3eee9663b677b4a25aa4a18aeb486::a6f25034cf9bc05cc602cdfacb0c9269d401ef58::4dba532a8506ad0deda6a20e1d2899580862a5d5::f49a794be1dafd35d115b3f8552c43aa05b48a2d::6b619341ae0469a01cc17eb03f6867596ac334b3::cb21a1e27e925c82f78a080423bcaf45971c131b::4dfef32c99ae4ab352711cc18ec24233b1cda157::dcbf7131ade86fdea0297c7346b224a03b8273be::4a6cc40d6ab9f71f797109154dcf5352c456fadb::a748de5b09cfb7c70057d2cf7048b438cf2b272c::ed84ba5b5e8648124d716fe0ed0739e62fd3f63d::c2d44958a087787b8a5fc4a3debcd8702f7c0013::26655dd076a923fc8c457267262840c7245caa95::8da67ae5660eeb091594333d9ee5da5494cb25ef::dff98c67c3748536891b2472505a9db30c4a9a74::cc4445e6824487fb0807e18259ba680a92ae8d19::
https://api.github.com/repos/apache/ozone,2320,HDDS-5313-container-info-ec-branch::HDDS-3816-ec,0,merged,,Stephen O'Donnell,4558007,13,2,237,108,32,0,83aae57d5839bdbd0ad7e2b8f0f77aee85f39c5a::a0bbed94917c07170a2727e0fc0a9c7dddd047b3::
https://api.github.com/repos/apache/ozone,647,ozone-0.5.0::ozone-0.5.0,0,merged,,Bharat Viswanadham,8586345,8,1,31,20,5,0,0194da2f18758f8cbb5bd4437ffbfd462bef2b06::
https://api.github.com/repos/apache/ozone,508,HDDS-2950::master,0,merged,,"Elek, Márton",170549,104,8,2973,185,43,0,009066f7c081f7fa77a08a0177fd7d76d71f1540::39b27423bc4eed088ad760d0a0a6180fc591b4de::48175b715194d47cbb435b0b40879e1a9e84d5d2::ba3b4ea8bd8ee76625859bbfc5ca9f2d0e07f749::ef0d720e5b97f2a54c639ef2fddb976f137cd456::8e9db69e2230cd89743344fc30cf30fe17309a32::1f98b9bcf29868924ed4b550a58807217d43c05b::aebe028343181ed9dafa4f2acbdbcd0d2ee6821b::
