https://api.github.com/repos/apache/jackrabbit-oak,422,1.6::1.6,0,closed,,Arun Kumar Ram,11598290,0,2,9,3,2,0,61dd7a107f736b59bc3e84a68694dbc1819458e7::bd34315439990288eee6b9067a67d8727029ccf4::
https://api.github.com/repos/apache/jackrabbit-oak,421,1.6::1.6,0,closed,,Arun Kumar Ram,11598290,0,4,288,282,2,0,ad6767323a7bdad648e2721ec1cb050edf662f0c::02aa5a0bcf7c0fd9c8aae1bd8cdba1deb99caecc::962a96d25aa1167d92276fc50416fa2f98779619::c6bfccf09ff1e12375759d1281a708eee74cc62a::
https://api.github.com/repos/apache/jackrabbit-oak,1095,OAK-10389::1.22,1,merged,,Julian Reschke,332994,58,1,0,10,2,0,5971166d17e2ddbf5613fdfe3d0a41f04e8c9508::
https://api.github.com/repos/apache/jackrabbit-oak,733,backport/1.22/OAK-9785-tar-segmentstore-can-be-corrupted-during-compaction::1.22,0,merged,,Julian Sedding,797695,28,1,58,2,2,0,031ec00acbb44b5a471c8479ff73f3672f5bc6a7::
https://api.github.com/repos/apache/jackrabbit-oak,730,OAK-9925-1.22::1.22,0,merged,,Marcel Reutegger,4018749,5,1,1,1,1,0,7dcceeae6b1cbe15868d0c182c56df066c83305c::
https://api.github.com/repos/apache/jackrabbit-oak,702,OAK-9934::1.8,0,closed,,Rishabh Kumar,17012584,1,4,392,7,6,0,ce425579ddd1b8b242245b6bd99ee1ae42ab22b9::51c2c103e002f77da49d63e7512b79dd81876564::81a06938be56ad9912f71bf4654283ddf13afd0c::dab43c979fd57adcbc9388e685e92d6439f2225d::
https://api.github.com/repos/apache/jackrabbit-oak,701,OAK-9933::1.22,0,merged,,Rishabh Kumar,17012584,1,1,363,7,3,0,eb9014c9fbe27bfa2f25d9852b63d0b67f23b070::
https://api.github.com/repos/apache/jackrabbit-oak,496,Backport-OAK-9653::1.22,0,merged,,Evgeny Tugarev,1071310,1,12,306,12,15,0,ff35a65dd3ba82f85af1912da386092bdf65c0c6::dc836edb3e3406acc79ebcc26f37656d718ebf3e::d7bbb81f65b12b9d6a77a2908ec77881d09dbc9d::ed91dd0c55fe8ad63d9e8066ded24fa446a6fde2::333994b65ac45544f88cf63e05935f5d99ebb8de::fcf77f1cb88035b0dd7d703b39b26cab18b52d08::08d135ee0210e256336d2f6edb8135a9dba74cbc::f211f5b0a9791db0d4912c3744e57213f8ae5dcf::915bdf0241bbbba8f2c4c373cecac01aead0ac9a::cd4b05777f0241aac816e2cf950a22fc9d965b0f::2e0910aea73beb134c3e8602750f69ea0d768c75::863bc41c8a26b72d55e2f071ecc6a8dcbb656b88::
https://api.github.com/repos/apache/jackrabbit-oak,495,Backport-OAK-9587::1.22,0,closed,,Evgeny Tugarev,1071310,1,11,300,12,14,0,ff35a65dd3ba82f85af1912da386092bdf65c0c6::dc836edb3e3406acc79ebcc26f37656d718ebf3e::d7bbb81f65b12b9d6a77a2908ec77881d09dbc9d::ed91dd0c55fe8ad63d9e8066ded24fa446a6fde2::333994b65ac45544f88cf63e05935f5d99ebb8de::fcf77f1cb88035b0dd7d703b39b26cab18b52d08::08d135ee0210e256336d2f6edb8135a9dba74cbc::f211f5b0a9791db0d4912c3744e57213f8ae5dcf::915bdf0241bbbba8f2c4c373cecac01aead0ac9a::cd4b05777f0241aac816e2cf950a22fc9d965b0f::2e0910aea73beb134c3e8602750f69ea0d768c75::
https://api.github.com/repos/apache/jackrabbit-oak,476,1.22::1.22,0,merged,,Andrew Khoury,2372994,41,1,178,2,5,0,ccc89914ec31b548a0e03065fe952d3d16ff69f9::
https://api.github.com/repos/apache/jackrabbit-oak,423,1.8::1.8,0,merged,,Arun Kumar Ram,11598290,0,1,7,1,1,0,368dc7441ccbb98e2221349d9106a19b51f7cb39::
https://api.github.com/repos/apache/jackrabbit-oak,412,OAK-8974-1.6::1.6,0,merged,,Marcel Reutegger,4018749,5,1,14,20,2,0,46424a5230737cddcefd7b6d038b0a3369766126::
https://api.github.com/repos/apache/jackrabbit-oak,384,OAK-9589::1.8,0,merged,,,49707623,0,2,1807,104,18,0,be6bbac360efb87b4a31c96de87fbb8ddb2a6da4::c4713f8b34d0b5ad701506b4be31cdaf4914fc01::
https://api.github.com/repos/apache/jackrabbit-oak,335,1.22::1.22,0,merged,,,5452252,0,2,2,2,2,0,f7e1e24f75e887de506ed757782273b56b1d8578::2f394847f0809821aea57a1ca9992ec46d4adcb2::
https://api.github.com/repos/apache/jackrabbit-oak,320,issues/1.22/OAK-9451::1.22,1,merged,,Andrei Dulceanu,16306559,0,1,1770,71,18,0,a92561a178c068aa8a77313eedc84b8f3378a99f::
https://api.github.com/repos/apache/jackrabbit-oak,302,issue/OAK-9392::1.22,0,merged,,Ankita Agarwal,29704598,0,3,662,132,18,0,edd8719539084246906ad4b09c83f3e4ab07869d::abcebd7ae550599070d16f9379ace6186411ed27::11d8e8a08b424f39c3ab8e22d5d311225957c774::
https://api.github.com/repos/apache/jackrabbit-oak,282,1.22::1.22,0,closed,,,8300790,0,17,2228,16,16,0,0249a0ec68ebd17c7869e359affd2388db02fd70::5ca5bde7b3a02ebf1512e79d4d568563c21a0642::311a0c63d4183abd5a777376862068d1cc851ec3::2c8e30b6d7cfe731d188dbbfc6cf1b9c1f074b61::dacc3449260a6f94770bf8c4e8de500655005b09::48dded9657e2b26f339b1bdf852e4c99e05b2d1b::144908e6582eb68cea081dbb26c2b126255b4b83::91a3ca8c8bae7f729787f206591ea3cab55a637b::d71c9377d0da99ee6e710ae6379d6cff56fa624f::2902035c189ab6bcb9fcb70a8545f47c74d8c207::8e58f82b4d0f6494d70648b6710d44165fafc589::909cfc8a231701feee42c78ef88a0e5ad782cf20::e750740d6f5a43e0f075bbbfa58c6bd4cfd85ed7::2ba03b0af58706ec4fd91628753d55a5c4184393::8c7e8b042d4b631bbd040fbbed6548bcd56ad389::89a514ad54f6ad3f1c65649aaa3b83e3c6db3126::3d72ee1c35624a423150d94f43ad2ce60950afd7::
https://api.github.com/repos/apache/jackrabbit-oak,278,trunk::trunk,0,closed,,,8300790,0,10,13,1,1,0,b4677d8cd6d6d4aa4213bac31705d846c46e535f::a3ae0972a7dd94269a92896540a896a5e5d9a049::5b04711713763412e13f307c783c7485b0b7291c::edfc4ff5c8aedef26562bd7a05fe40ff52baa796::7744386a607f3c176c59a550c09909661ed715e5::e52d992d32e99a34aa70888f198a56d790c0a80c::d020d19b424456c14bd0abf318cb154897799de6::d9a5de136e5878c284af7c038e18a86de05dc85c::091ede53b394a48bd8e0ca86c6b5cd8905f20810::1ebbbc196cf97edafdda8fa832e085572045f5d2::
https://api.github.com/repos/apache/jackrabbit-oak,269,1.22::1.22,0,closed,,,8300790,0,9,266,7,6,0,0249a0ec68ebd17c7869e359affd2388db02fd70::5ca5bde7b3a02ebf1512e79d4d568563c21a0642::311a0c63d4183abd5a777376862068d1cc851ec3::2c8e30b6d7cfe731d188dbbfc6cf1b9c1f074b61::dacc3449260a6f94770bf8c4e8de500655005b09::48dded9657e2b26f339b1bdf852e4c99e05b2d1b::144908e6582eb68cea081dbb26c2b126255b4b83::91a3ca8c8bae7f729787f206591ea3cab55a637b::d71c9377d0da99ee6e710ae6379d6cff56fa624f::
https://api.github.com/repos/apache/jackrabbit-oak,119,bugfix/OAK-7591-backport-for-1.8::1.8,0,closed,Stale::,Wim Symons,1419117,14,10000,753655,29714,4374,0,910f25963646998b1e5e9af16dc12165ca161a0e::3f67df2f98e560b2e5052b7eb4d9bb4a5e211ce8::224fafb133f8b9fdf147da251e1977ff016358eb::54c4c939fe3ea5a29ed2db9e885d75344b3cee80::fa0e758d3236fe5466fb2b4b66c2425dfab3faac::2b848c6942d900574e9053c8cd6c21d3b567dc97::46280c5b3746008d0c830528a98fbb2e38563543::2c30cfb032ed394c6d92e8f2b38c3b45c3ea572c::03ea82dd144617fce9bd7b023113528d909193ce::b14e3ac4d786e991ae26e644cfc1e1c2d41d8633::3790fe5338a365830646c634647a4b96462d1f40::6108af903606e48fa70d7f1fe82a10e407fcb39c::fc2e9a79317948c0b37153b2cd2f62a9e53d1132::f45a15f9b87a7dc51d4e09375136c120f942fb5f::64de7dffb4a950cc87e4cd1ffa7c7f8ae88eab35::8cd51a6940ee771b79745a4f3dbb38026a90076a::1619d2dd32a006c732f7806dc920fd277b2ec1ad::30a21165b44e7034d63388825b3a5e3f81fb395c::6b65f897cb53fbe993c0b14bda2ad4299f1b3cda::4e36bc6694537a73a7895702d50791ca8a819012::fe2b53da6a5465c9527fc9392386c294adf10f5f::d07d0feb4d12c9fbe68cd98545fa911ee43a1169::ec14429c21f14f20a29e928fddfb9fa4015b4b80::0e395d22be9a5bd6d84de59e1c277e72f264c088::c74a679891174db50beeecdaea06512adf0a9f45::df67b920db87e958e63eaf238dff2ae07152dd56::fc1fde2ac17f8e5705fcc6dfaf43c684c177b2fe::f5ea611d93387b9790e7c595b204372ff3042885::6a142fb36d4fe1169aaa27f0f41e2af359ade01f::faefa015fad78a0c5ffc5555cabc1db4670d7a9c::aeea30e621bcbd33412b83243196bea7a351fa4c::8066f05eec8fabbaa9597dfcb4e8098c3bff10ec::a80a6d796c953c09e1df58d93e6c9b918ccf2a5e::cdfdea38ca842423dcd96ce025b906a77f71194b::7408a09cd3d0448e1697123f8bdca2fc720c9e85::60c0e50b2bac589c40bdfe29c6a65d87a5da67a2::b161a7b99a13a6566b36856982f2a74f155d8d22::cb7897eedc9da83d7d894601cfa74303ea38a79a::93a35e701442652c6c141583ce4890893a8ea063::003b6360acccd3c619b5f23183c4ccc4341da5df::e87effc109c4876b9505a0852d5d52eab9e24448::046ead6cba51f448a01d4107b65b985ef14e0e35::7916f2954b3b280140fd898065d4e4db50c46fb0::afc8ea505851ad7f8d782111cd9e3a7420d704fe::dcb05eb554377e82140940162720e126fed0832a::679f93a876e47e54781d2dca06faded10a59ef0e::5df57964092cec79329bc1c9606be05faf978574::be69786bdec9b805920df9b338bdb82dd56421b5::1e931f4dd1265339900bba6a53aa969684ae4644::76a2d3154e31d779d06f54471a70f595a4751249::a94bb3679c50225ec8ac71cf653c88148fa1d749::281f5080d5c18fcb5669db70cec95b465418357c::7a15bafa0500e9327749057ae88856fbc96f9621::30f0adeb33651511ee6201d5cd6a466c0cf244e5::dc3326d4b7f939256f4cc25f64b09ef197821e20::62bd5c3c6d71dd931da7e744688ba6e0f7335e48::fd4db608c5a633e2d7f96ca4132541875cd701af::5823c7113d5611fc37d40f5847be6fe3c26dac4b::a61ca94899f3937341e3e969796c38721c281c6f::323028f2c457e360eeb231e132e2c48d10bf1ece::dc7b872895a4fc70effdd4f5ccbe9da0679de6af::f2fd24ea050f5743f11a7030318ba151e089ad89::576dc36d8212d3f22cc469cf488167d28a8fa754::f168bc4afb9bf1eee52860594388df8705630b0f::cb84d969de7f0379b8ddf0872d06ce502e20c2f9::bf11b940ea4b8719da821204728e2bb42db36b93::a24ddf84b21f3318163c2caffe0a2ff2333f0c3b::845bdef4f1b00f889d194d49c5418dc1ae1f3d4c::c2f97962f68a58901770196fc89588a0a767c228::9ecd05377811b99f60978ab8f445b0d0ad91766e::c0a13c88e414b1ce29f0f227bb9e6edf1b1f5e90::4fd54ac1732b8b513c3174fe8067ea7a13df8035::abaa20c07dc80bebfc876cc82b865aaf2bea97da::2ff21e1da24123c8cbdb6084fdc9f949c05d2cb7::dd235710a655d227d43cb9f84cf13f76cfb5fa44::8cc68eac57f7ff47d80dfe0a38029207183d696b::ae9c315bbbd35a1b6d26f652f4c859fa68017131::a65a417a78173a3dbc604608795a88a0a38edb53::2801f9cbf12bc280a109e245ddcaeb8b9f6579b7::6020aa407247c5f16073aa6212c38f65b737d07a::ebf47e0ae94fb8b6bd72c07f2eec7e5508efc11a::0fdb2ec5ad1662aec9795b5fbb1930b3c1434aed::46b6fab8debc41236e8d8d63dbe7e54b2cca5224::5321f440ad4716d32c91d77af00fbc8054316184::ecb1c1540fdbbdf3d0b6c5737de8f54e91682bbd::09ed5eb29f364fd47932fa32620d0595c3a93ada::70d1ee933eafea352e1161754518cbaa00e710c7::0617526dbf16386ea73347c5d502197cb581351f::39480005ee0b882dfee40716ed77caaae7c1a982::0459e7349898110b2a1cf72244cfd081a8fe779c::19eb524b7d140608e48168330b93e207d9dd2009::3e4ca76a64eed87240474aaae6c17640d7ed19ef::ae581a484502cc1dde0455090f8405de25eebd3b::f97602c003592cc05f7242c53689eda858541fe2::887a1987bc7d9d4a715170cb5f551327e7f88f27::ea796a3bb73bf7e23090e4b65c2960f1f734e0be::70c06dbcf5ea565cee24f67c34a714f1da8dd00f::0d8d5b59589b23b44e45497446b691c47b59ece7::397f17b5528030cab8e45a360f3b2c58ba0202f1::1da494029fb8bd8c9dbe0f25a94bea1d01116ead::cac8f0fecee2010dc4af2af4eacfa6560d2eb916::0b6873c5d60dcd8a347663084dd55b7144953f98::03f7a0f82012ee4dacb8a6c1937163c1c69bbf9b::d33cb36481103843052d1cacfb9db0307368df88::65785951f0b9fc7ca9b9e0640d3fe102020bf466::5d3d44637bffe93d42b3784731875c397a0bb7da::81345dc84411d0af81c83587323d085f3377fc85::f383f9e67118431d6647ea49e692300b5e2ec7ed::2e52032d5ebb8d579ab05f6886a5191c142c511d::d2da56559235e7398490b03f1175a9afb4b824ba::268c62a6e752296aa5d47789f4ded396058ff541::74498e7fd6274d4834684111113e624c0ef456a6::f271699137babf287c1e087d935ed586739d9836::2505cfaab640a48d8ac9020def31efccb8664b5a::156f2993af107f20e05a73f34aa76141eba77f9c::e4e0e8d82e7a2a88a195d589f7f78ce0bf58d4b4::26366e58142804a91bd5ef507c225ce86ffc699e::9ec6252f741a0e8ed6a6a19d59102aaeed770310::a68fa161a5ca2633ba947b9cf813aa592669a233::a0814f7a59cb3ca312d601c5b2e9c990301ea3be::83860eae2cc76b9bac85334fe2c178248288274c::a76971704ba98e4a09e59ca3abd06eec341cae04::4bf2d728b67bd2380942ea73a3722aca7dc10b82::82d9c5b3d3b4d3886edac35f693b4a82a2c393dd::be30cab30729f9e69c7fcdda98a05231801a17fd::5e8c36094fca4b090603e152a12c0e19f28a6ea6::f14895efb4ec3757ff4e191d896e58bc855fbc5c::c5f58f111a8150af637af4e26aea5676b2b63e50::469b3cf64a5c789761ad499c34326a24300feccc::e5e79731561312a021fcc26d817285ee2d92e902::929ae45b36234ac681c3b469884360bc14a0f499::8339fd7c8b3f206badaaddd9e3a01da59e6288e0::42a49cc09704442cd7037fd594376b8cf7b59928::7db366600bd74f8020c6483133c3b0f73480cbcf::54834bbd58d73ea6d81327a36de69647528cf59a::077d2682470653caa4dc657db64cd4f25ce581e1::008a8d09b39971bb5eef113b1a73150e27e8e11d::61384b5097922a634c938a21711663362ac5f3db::1d7178c6185ac0772202ac6591979a7259437d5f::52187b0e88a4d365e855c9cc62966dbb917d58eb::8b897a326ad30e1903205e6f6006f5137508fb20::b924a0470f560ad27c0a95c7abef5f07946b9186::e2ae9e962f3d494ffc855a44267d7e62e990d2cc::915f1cdc4696ae998d12180cfec4ef3fe48ad3da::cfe343f951c42b130c1d9b787635b442e5e7261f::70e9a2de71dae8a615de4dd4862ea1a684ef5614::749f2be943f4fe0081a197999be32bd7a2065fac::d148d2e45d05da2b8efbff0bf4de8f09fd1750dc::18fbe30ed0bd3db0252401b89b5543e22710e220::f8eaad8e16255e1c65b6c6bb0d7d709cf6c69b36::024328a65e3aea0bfa7f6a9fe17d269169485e22::52611c190a10a552eafa0dbfc018e61c659705fc::e71ad9106378629271d10b515d0a6e66ae7cba26::198707bc360c39bcf45789e682e9c21f9932005e::110c673de23b8e53d0fe949e61f03f74efed4007::109e9964db7ccb1edd210b7422fe8247ea3d5859::c30799287c9514b07af1634b932f0927cf165bee::dfd656eda00fdf17fbe82e350f0bcd4971989c03::686d873001007dac109154fd61499cd1e92d3355::0fe7d961082067c8eec5b1b32d0c736b548a25bd::34b637f87d34c67dafa37485f0eff1c8b2f5620c::b2197e060c069bd2e273b875763c706209130397::84547c12a9599424f5a5c726d97c171f5a054e2a::201606f594cde62f07779e56a2a1205459d3b69d::c326ab0c63ed487288015bbe1c6e6b19d5392cdd::42419add009edecfe4f2f4ba34869143c19fd5f9::99da6ca1bab23e5ef37b04187b369e89bd6693d8::a3d81d8207d7941fd75ccb9596e1bec744669d39::6af150cbf9e36fb18eeb369914fc317c0b771e5a::dec102c39653694052cf99100dbb26b0989c9fec::81882c4efd0357f72016302ac5c2e78f7faa1b60::74df4e911e5e4257153199ad8951936b2dcdcb81::9f9962ef34b8d56a64a1c7bbf1c91cd12ee27904::2f310b04beef1671fd1ebe463b2ccc8512c5da6d::5b5487629a297d6508cc32a202619c6edde21c81::ea1128cd98230d7b75459f61066120dc6624ce07::f4b33d70ce9aeab968810ecfc63c3b944d29cc6f::20c0a7442e37193317ebcb850a0108278794d63a::d2277558b42f5eaf65e7e0d5f9c6ae97111aed6d::7e2c028727bbf12ca2463265cf26fc98c8cfcfba::32a31f0e0c6fbae33824ac4bf64edd4292aee88a::7e772479ccbf6224f7ae4d5cc19c6642067fb746::4d24e948423a8fd4b99485421c8c0561a16c7a3a::9df85664a944fc7acfd47a5e2f066a1d860dab48::1185f48122c4d99ad171310782dcfd9807677e47::d3a9b046551dd066703cada33e40129513cd49d1::b9d4ee28951aa98d9e91efb95c4dc1c63377a70e::6450723d353c4fd6883b3944a757d35c6b5d2ac5::901eb63bd99096deba5bc8952cc8ba4877aeb1a0::171311f3f1ca932a48df2459fa785887fb15a6b9::229f89e7dc47c61d6974697f48cf5cdcd5bb8cd0::7b5ee918667b8f7492bed2cbdd8a5acb35525eff::aca1c5a3eb4632f93dedf07d19b32ae3b2625d3c::b84a3ed05bc8117568d056760d24f839b281a573::c36e3fd2095115e3c4ed34e547b6c4c3d58d8270::994cd27221de9c7a907eb3f833d69392ec3a2ef3::cadddd871f5aebb1a5f9ce810880efa5c0959f25::2b5362b95fcfa7eafd839b4d31ea54a9825b6d52::acfade864cc80e5095587ddcf0c66c511cc557d1::1212069f9fd5091e2f96f235ced5c50a37ca29a4::7d398c8ef1268622354758cc7482ec6993c3fe2f::7b240ccfc265d1e5dc9939491842a4a8e1472d16::e09568ada6ba61f1602364fc10e273a43d55e4c5::9f9b09d92f4950e0b4bfbfaf151410aab0594d1a::2d689afbcd1516f8d97f3e1fadda653df3a9eb27::d5bc9b8629562465ec783bda62a5f610fb1ecde2::b91f7312d0cb13f8fa8f535fb73cfe4ed21b8be6::9e757dc906473212caef2548e64ed88818c096e1::7b02cfed8cc01473cb8a4ce27fc806fdf0f48dd3::37f21136c0a5fec235d29b01b0cd646c3d107c5a::0c45677222ae61bcc1991076867a80259fcc05ba::7517e51ca9bc4efb4c51ae798b3c8b11ae649c49::4a13b9c8e951188c18338b96e9cc03a934668f42::1d74540e949310caab502a760a7509d6c62a3ab7::a529d12f7abbed7b881e9c8e6e82f26dbd9ca713::8f82e3c9a8960f2a0815f3b312f27f08383ec9ce::244498dc60e6056f552f006eada9296437e72a92::65d71683be301792afc8b39fcf312be6cb879a6a::da32234845645e1c58dc32dd8882283526289fcc::f6de05f59933844758f0feb799637479b3bf4b06::cba0179ad33fbcb97bbbe53747e070be81809f7d::4792db729fdd5a7b45c04c8a3b8f8ab32bc8906b::c1885050ba154d37b9b74711db9ceee4fac9efc7::96b800a7a1c9c90afaf66702d9923d4862626f29::938f7c82e3c839d300a4383c2d886b24508a749a::91781786a8ddca9ce39053eb88674a1538d863c9::111d72a882caba5a6daa68190e0344252d388c38::0a426e499d299a8f7d6ef8599a281cd09975aba5::a045eda4c11eb07910bd7df7648e1a1c44a3ddee::0adfa2c218568f8bb487a7eb0fc5478297fb060d::fe2ab692f9a6294e4050ef89feecc4dabd004b34::618dbb7b8ae51e639b372ef10c0d31fcb66e17ee::9f0f04dcd9763a0e52c8d14889711eeb8d3f8ab4::1adc88031737a42a778b695bdb7dcf0899faaaec::31d9f5bce474a090d562f5acf086da2a0ab72acd::d094a02d2cc27077764d77061d4e64dce61853a6::51f713947d75f54613f80dcc7a91efd51a8b36a7::c485eec8a95fc11c2b08018c6b2b3f37f7c61bb8::606bf6082796def5a9d70c722017bb1c120eb754::76b4779ed241f376f1f2f93a71a83c74bee5c06a::0843168bd516cc60394bc0283b1f211c0adafd73::69abfbf53aaff896fb70cc647ddce5296843bc9d::3fe57b9856b051846d9a6879c772bdf42bd65e63::dedc6485f945c7fd0b9db207c2c91cd91bd384b6::36999f63c537f3a690731076440e426b97af2be4::72904987a64b234ebf19cf2592d23ce3588440b7::30149b7d196730aec5f9a5b8c850b75ea1ffeb68::b2cf86778ec43e484fada6727200e33fb33e057b::f0989bd6492ea6658378bdaacb8d55839aa0232c::40d48e194e41efaa1786ba407ea10fc970e89078::
https://api.github.com/repos/apache/jackrabbit-oak,118,bugfix/OAK-7951-backport-for-1.6::1.6,0,closed,Stale::,Wim Symons,1419117,14,10000,704780,29198,4029,0,1f9a9ac97728fb7732edc322df54b2ea24ec9fcb::d97eed2b0d4a864c9afd34522d7d4822402e0bc8::e25554982ca037cca15bda92fb88f9e6a4179bdf::93ee40171001f75026ca2c7ac48d70c7e7c2768c::80fc29b18f03bf04c971739d203bc48ed5503ad9::e2c0a38ffb9cc3b2b0f1c0954d4df58270df6c71::6cfdfe56087c8a67b387c6791c63d912809f989e::d3bb7eef5ee2c5bd928c648f98418fa9f331d345::1728dfa79eafe2f5339996b536b548ac22f660b6::64667986cbfb0f8fe306d7c6e4e4ff7236040b22::48e5cb397189e4e1d8ce46cd0ae0bc6567f1f13d::5e89d5fcb0838441d46d764697836a082d15e936::c2b9f25179ca8e8b9e000f6633ff6b0b7359c7be::013834674a50e44b6ad1def6ef51db337546c8c0::2df985ef1f5f1c6e5e8bcc19e21e99777abaadfa::f5abf56a27851194f7faebdc8ff8a536f3472383::20895acfe4b2e833f4c9529c241b7015aad35798::9d8b6cdf1eae615b85bd81b5ef6d4ceaf640ed99::652042c216514012e8169518b0fc962cbb02451b::8880f2d3231244ba87118fbe50613cc2782de93c::5d81e6bb45fb6532237731b2085b2f314d15e0c9::f5a7c602122c7c88622dfd9c9d939fed183c10f0::6df65743a89b042a8dbb0b13cc322865e3ff5af9::d573d38808f69c71485b3eae21f57b0f96ad26c2::712687cedc18463ca4a4c84d725a5f2234c246ce::a037e029c0b092fd7549af408cf9657d07f63a8d::63beddb45c857979c110a15fb0d1e8ba74cfc0ce::ab52bce88e23efe296259a40c0ea35b3efa74039::655a248fa7f3935e90df0ba79e335fe29081aed9::4222c6dec6595e42a4fded7c265b8907eda0ba18::24b54c23ecc7ad683542e9dbe10424e56dd1be9f::126bb19b0bd0a095e2fbb9261601f776b6c04ee8::eb94470abbf9a3b77a9dea9b65ed5fd0577f1091::a715a7ba2114a9b443ebf51a2a44a9e28c587e17::001887ed2d0f4b5d33b1a8dabfa6fc1f6c7833dc::bd17da7d4887761e0aca2fdac61e71a5a6c5ec0a::c8de0cb41b5f0162136afad058ad7ce4816e21b4::3080f8a26356cb2fc4a0b1d7359f9d2f061da76c::2dd02d4aaac9f3206c2269d9d45d2566c44aba2c::a054a9ee66ce517f4da6018d79ac47c56fc9442b::2930ea517776f407cfcfbc124ca6d205daaacef4::6924796a8973aca57fbe9f94ca905a63a943517d::9a8c662f4fd8b869686769004ec6951196333c59::f3785ce08fae2ca35065d36d07cb3ba568f6bee4::190f8afd3cfc71c6ecf34cd2577ef14df4ab2c83::8392095a141699dc2831afeb191c397c1379004a::0d6be80a405069bb2139741ced4da0f4c3693a24::8b4d16542ace1b98d12af4c4c7c0eebf1f43a0cc::dac7f90839d1456c7651b869c83d222fe9d932f3::2c108a0a08a421b589fc5fe4aa7189b0a012c6e6::499ae12e6aaa9be982279f8443df582e40fb0f32::fd0384e16f1e68c3e0b5f3c3bee3f76e934f6897::38a614d7aab782c127cb03a25664b6a42e0965f0::7cca004380c0645a4fa11d9d99b1a9d438804936::221a406a03acfa4557492e0445236886660d9bb9::dd090d1c09bba7b1e2e71e8d77fa044303244329::0de95297d51764185b1014ff2d1be4adfd421aa4::614dd21d32d66536a9fff26a3ce4eeeef967dd07::c0a07a87ac13e4393800542754731fc89d0cf802::e1f05cf2d1c859f65afe97248b3c48e91c27626a::a8f75e5c99259365b3b290a783b6fabfbd8927f2::64bfd27d916639d354a18412005c7d918b84e4d4::d4c1798cc9c8b7003feda115e16e3fda32d0e9d8::8c1d38850e442c8a925b65bbcd2da3efe1648336::5e23e87b7362254e91189dbf49b14f18264f08a5::1a21a340b2c27ed7e2474d0f3ac5d7bcc659b52b::b5a6a8f0840d7a73d3cda75155405b2e6adf6f8a::59fc7529432e970ba6f165521d5ec7772a59197d::a2545d26b71783fa8986c5601a2fe4d28574b692::063b1694d8ae3b5051b5908f1dd6ed81e62acb0f::bd303c0630432511cdaf76bf3664114aa5756ca9::35054c9321d834fe8aaaaf67eaa2f992853bb515::4f4fd9324efd4b443d7a2a851329d40579abd049::0d3f7e07a2f6ccd7859f422c5f57c38012845138::954816dd97850fba5439198a9e6eca75452cfcbe::e2e548170835fa7053392218c6174cc537f0f735::b230fe44f9ba79278595e2a3107767c806d44ec8::be8c6614ae0cda91c5fbdd9d09d7bece79ac4304::110a0c71d9e3ff092bb315a0d54c40f7cd26886f::ab08e0faebbce808d82c2b483fcae5dbe129658f::750f5fd32b8c5420680947005d67d089fd8b9d81::9dea9ae5174e5699805e992fdc4717151d056b7d::0be961a9cf18340ead3ea080a61e523c5d7d6113::436b5d2c24b3ee8cbf977e9bff4dc0da826ced20::156c200b67afe19514660330d7fc489dc14a648e::025ae271e6dd9d1881cb044cfe7575a560353b8a::cbae829841141dc146e1098a9127f936c25d2cf3::9d98564bddbd05c6583a5d473f61f297684949d6::2718eb6ea52d5f57520b2aaf029b9ae9eb4d4faf::151bca6a6b62e108edb9da4aaa109d545e629812::b40f8ef8530e29acb125bfc20df8901cf0bb5584::a6256a8993e634922bc866eb3f525238de6f2e78::4b2046ce86c8d0ffa0387cc3deea68a3b75bffba::a2e1d9c34d68bed602248bae031805dd51604bcf::3d587a0436599f6877f248082fd3d6f2ba7ed39f::9dce63d6faf8ca642df61026aead82a9183b1baf::9358d790ea7b4736ca606774ed646e6ae6f9982f::95149a3e1d2e4ddc6f0a9b7e7273cd6eab900109::8f873ec28154148bd98bd4fb598b5ff99b1fe5b0::5eb2bbc18d11fdfdba89d79f9513626a6e11b4f8::fbef79b2ef97129a9ebd856c6afd160866fc230f::d12192ff639a5f1080c4fc2f4d5153df048dee41::817a467123da96a61571ea394f9977c374129341::ae6c925b684a9a13d4f52a67802b596d335889ed::29a72443e13c40fa72fdd5ecbe40719b2531a06a::40a949b0276e3df5bb3094a1c9126d6d33c18a63::96ae55608c2beb30da45ee7065f4ac9f5eabee75::d692ccf17cc3c280ec17aa91f7b8c075068a73bf::61cf438d4793553f6dbfecb4bf2534bb1e3e1b54::f52f037e261d9c17b61c398929281fc6eca8ecd8::8c5ca5655a3edb958f2f1d0505cb9f5960499b5c::5a3039bb7cd2ba552342846f8762ea03d94a83b6::ef32d9356519b5d5f9f997b58b93f2536c28a32c::0cb5e4ef77f92a2efd9113e22ece8a316f41d83e::32a20532de461fc192e71255b5f650ffb1da6d72::99894d17b5a406e959146e31dde1cd8e5a6ad152::0a88daa0e6c65c6e47e59150c4e3b0959f6912eb::8a2820f85fa34c4b5a053fc8af3aaeedd8884af1::e414f1323541851fa4f1d56718d738e2c9b961fb::28788445c4c4be8adfc400ce8001225bd538b87c::e0e4fb0cbc00307d5ccc4d61fba32743e2d36cf2::79b860b50a3ea3ac6001094b666bd4d10b87b468::d3bca09e0b7d3fa7d1d54059eefbf93ec494d7bb::06991cb496a18a8db538de9b0f5221ba2da2591b::1ab5689c7c52f3accfdcba3038f0254b62e1569a::3f90ce4670f5207025aff890d810b1ef24ddac46::dc0a26cfe34eabb9e5d42fb00c2dfd4432afd07a::835b45b80e2ae931bee465b8cd3e555399c5f010::089ad745be3e9d93cbf779b1d0fe105fa82002ca::8f1a33f371fee0348c7f9ce6834e69db78e67276::65fe2652e65549d8185084f92839ab6151286907::74fe5cf4d96b37ab14157d96178a87f7b246c1d2::f809efd50f48dfbc02029fa908b6b260ffbc54c4::c2047511c9cde703bab3dcc16f159a3789570f48::5ab1c56229e655216cac4e877efa5e092e8b931e::c8865c4d5953ed28f60fd63c51801cf5f5d99548::9954e5b50278e48d3aa2a67c6dbd45a6bf337340::022adf95306de03135032b3e927c326766345e31::242182931334d210624a842d9d54630a6ed2f6bc::967b2139a4c20a6fbaa0bf200896cb09df942916::3739566e89dbdf8d5ad558ea5861cee50b8f1248::53f7f083fc1b61f9316f32e0e1ed1c510701e246::3568d5713a1dbc7be13f39a68ce89f5e11f4605a::55d04c86464590b08e48c1151d9132caf82ad516::5269cb7aef9b4feb27b916b5d1e0d519334560fd::aca2f7bb14cfdc7577ec18778a6d818569c5cfea::619a6956d482771bab4c4e3bd6d4aee3e663b316::8222130e8f88b19c6d26213ce44ff6b15e75f795::43f528248a01ab68fc43b84b41b7cf48d8860c87::39dc696e68443caf624f274e7fb9a7afff8e4dea::2aec08ffc2fa84a94edf7744a1d6c88b663eecf2::f29e41a6b71a951d06297e755fe279fa8c8096a0::26a11a700e653493b2512d4ce7bacc3b048be51d::7599cc79725081a84e970f615e5bf6d880cbdd4d::96937b23b38e450e10723a17a7548314c1007c79::47213646128e2e0e9cbed64c3f81fc513f48ee18::4a03e81c6acc0c498395ddb21c9f73479c0dca77::07bb705c109f235362d1b263f7081e7678b0d1ac::21ffc3df625b7a517b5246deb4905c4c3dbf69d0::40a44116e19c381388ca77717e561a877721bbbb::5d7fbfcd5652b14ad8281ef0dde700c3408c7cdd::2c3f7d51af5fa64eaaf142fd96f86f7ec702808b::6b22f922e99a0adeb81a87f867b4892f788401f8::5aa0c941c377bfdfe85d6a47b7381155cc1fc86c::03086ea690571ce91de272a9e08b43611bb3b264::422f6970f4752335cf68b5cf5dd43996eb2c0859::95e1d9c5eb9160f9057954ced818c06725a9e7f0::90accb2a2ada494861dfdbaaf7ca1acdfa6d2ad6::ca4b939cc4ae9ed630f914a5a65080d5dca6a154::7ea5f82399f5f1a8d91d9c1b8f64034110d8216a::00c134d7035f3d37154d01cf711f6b07975f1d81::efaa138b851a77d8d4d9c802fecb5eb8d11a1b03::68309becc238e252c6e0b0ca710dbbf2ea0bbbf3::f83d382ea423a213ad3d3c10d6804d1e017ec881::88d3d4870ba60c73e7984c1de758646155a34062::2d59ae8c74cd8065935f476c2674c907057574bc::c1512674e5b693036e0ec504381297588a06e460::ee636821f92c8467ac4bf98acdcdb0a7c94f2919::499f3a0d9c149741845e8e8c3723f788ae56e123::25265f2a93398dd438af9fc4bbcb7f7298e0e59c::45c429870cb9fb61b8cd5bf7406009e993ecc491::7d6ee68778d2c98b56003bf824b4bbdc2652d55c::e7e637027e578920cac2813f158b199aca27626b::f7f7a23b0082bfede6f48b9e4c7d1b789059a4b5::840f729609d9e62920e80c4c6e307f1f4320697e::041e7f4117a817168e8c006bc5fd523b2106dce5::e1aad645733451bb6bb3561992a9801497321bfa::e91fa07a1b41402640ffce597a2df1fa955349c5::40e3e70f6e18076205edffd0b989e5f80f32de3d::5773677dd7010c2cf3f6f6ed67444283c4c5dc60::1440646b680767824b81ee1bea5794958a9422d8::99a7e257e19923d2a1cd618591f2eec1c940f072::d650f52f45f7dcf9ff4850a65bf2ce9c3cbbf74c::980b9eaf1cc6d6bc1add29fcd18077d4fc4cf776::54aa6af37b98392212661a7dc6ddf0616f46caad::45d3e6a195a6d6536f90d949214d771d70fe6933::cf6740fb60e7ce60138b1a4663b179c0b4969bd5::639468a2c627636e8ce5ec39bd8a9c6c073a15d0::6992cc58e255a21b832d9cf2eb05d7ef376344af::330a375dcc3ac19b8d06854fdc269cc2719a6e2b::a38c32067b5d55eb35894ccc424753efc6f6d9aa::457fd59bc76fe2ff25a33ae7b925e37b02aa30a3::ae544105d492ad284bb30c6dec4f781b77e9558d::a0e8943f6e62fa0fe042cc57e3008b85c5f790a3::bd60f261618f55e4efd83907844aeba93a71736d::dd37b9ad3e7c4eb4bd9ae82090e14720d1c83d16::b43081b6edede570a0b59a8512dbde2132b9f566::de0bdf0c6d4cd90ff992068d0af540eb02019bb2::ab1a5f15334e799347ff72224d454bca0d0bc692::b0b1b509c63f5c36b8e5a9ed3f9f87f11009e416::18aea8cbe7dd5b8bdf6ff23c3b7752eea19936c7::8199e87f8f59471f1a0ad4fe73c028eac6b7322c::3a1922220034d5e308e19b347ae002def9b0f266::5688889c0a2d0f0537a0e02d3b8d78b23cf2b1bc::5ba47d004ab3a064a8239138702e9273452018c2::9b04e83113a841abdb2e7fa1d5dc8850d39d14fa::e3987618e9df92ad02ecfd1e45a176f5b8e9d83d::5d1bed2f2d28ea840c6541298b4a46791f644356::e40337f03eb999cdf2c23b4f2dccac7fbbf72418::38e1db8b560e0372ee925b817b012ae68d2c379d::7bcddd95909f917e5f3aff292f51b150e99d22d2::ea7002269f0ff89151bdf9a82673721d37ce0ac1::7461370fa91d5252c9bafdcec9fc71df056206eb::f126eef383aa9a9cc9de25ce67bd6a2ab17009ce::3c2276461d42af1c1d38d6dd85aeaaca99a456ea::4c7dd7cd83b843c6a1f9571350646bdaa81d62de::1b45603a983fba6fbfc73426b9fab217c910f811::996e5d787783a38314621d3ecaceb267d4d470b0::53f4a265dac4cf854fa307a4bcc8ea5258d5477f::ab4c491d71b77fcc5b7345f351b3371d72ee75e5::2cfaec57d7a312463792cdc4ff27100245b9c3a2::7998097af98387666fb580c5c2a7416fe250cecc::434bfefe418e39c69cf44da2bf60997212f19c00::5952bfa498419aabcb9f757f5ee9073f7ce974ab::af7067033d6ba97088894c0e00d73143de4a9570::1ca106ea657041fc4c8c1c125097c3f0de41711f::cac6bfb13cedd8a5019e34baf6c2ac710d156bbf::6112a8cfee4b8a3ffe01cf40dc06ec3220b54533::1874c7a64e8d86a75eb0d90a41b7547a84500fe9::be6355a47d03340adc72279bc35b560b18bae718::f078472b30e246857da43286c0c602b90020379f::8ce3522d0f4256dfe8432fbad7edc1c5d234635a::8eb23f5a70f7fd6a686a3e215eb512fed2e4dcd9::de3c760a9bbc431d1a1cfef34d0e4b0e75f09764::04e05d4e729dc7b9ef9998bb52bf33ecddc2050b::9da8dda7f172da530051e4881bf491dd7e658034::e4f1de634bbf2f0ac811426af278d3b95cddc5e9::81c9d682a056a8cb0d94187c6d8a9eeab2542d17::d7c5ea1609bde0f115236d8f87734e0ffdd0140d::4d3a44efc397b3955d0fcae8144a8971c6410126::
https://api.github.com/repos/apache/jackrabbit-oak,83,1.6::1.6,0,closed,,Csaba Varga,2852084,0,0,0,0,0,0,
https://api.github.com/repos/apache/jackrabbit-oak,82,1.8::1.8,0,closed,,Csaba Varga,2852084,0,0,0,0,0,0,
https://api.github.com/repos/apache/jackrabbit-oak,64,OAK-6388-16::1.6,0,closed,Stale::,Raul Hudea,1336823,1,10000,697665,29198,3995,0,75b4670ccd215287ab1eecf803e4fc0e40f7c871::2c3d2f29d104478c15e1a2185b58d616b7c6f3f3::cbf15f20a3ec20cc68626ea46c5d451b2aa49c5c::4aee21289b9dfc739e5902015b8eea93d1b1a8f4::1503f908fedaf97a2db80830b20770df62816e36::fb57dd14a26900a052da260c85e58d707ecd171d::07222e223c8a6b4ff4d5a7cd0b50aa4d0c9c4c0b::ce96572611ea812d8e6f86617e6c29faae07e0fc::195bba410acd225499fa34341a2b9c0e548d21b2::d40982cd3cb46b708b2fef85f0134df954d773f7::8b9e57ae7a191dc5ec2eb076bddd563b85233130::49f7b4de538cf6848cb0a28d1d68565584baece3::b8cc92e49314d87402a14a247a23c1b1d71646e1::c8cac4d8ef6e7348b338241352b41d4aed690e80::5a10a59dfb532f28f5c26dd2ed348f65fccbd34e::c32134a59a11bc9dd5e242fe7e08183ff453e181::0c26be77f1a2fd86827b71581c6490676c1ea7ca::0f8afd7c96ea6d25bdcfee2942c5ec8e32af5fcc::79f09059619c3850824c7d02782fa02102bfa7eb::4a1a1818654f2f8cb894a0c053863bc07dcae236::9544d57d16c2562f1a8105098710da7c30865c3c::2589e230cb8fb858dfff2e90c4389ff6b0a63b24::6def43d7aede0f26c10a7b795462b4d1971c3d9a::ebe46cae6f51f79b676eadc5ecd5e51de4358cfd::73e0f76d3f294a145e3d3abc97d519f2dbf58484::58a6d311d1d42e472bcf25d858b0c326df6b49b8::f6ab7e19a84cf9aa2b38cd79343316f1ad19f0b3::f8540625d35be80998baad319844eaadc27a6211::2b57d453855c3dac4afcd1de1e89706077903349::11a3e6459441ccb6e27cf78cf7bef0cd97365c9f::045f8c37769c04a3a1a30b5b4ab972798861c815::48e42ba57237c3f53daac9d0767894234139b027::0e9e52414030f1087a1a163154cfa713ba7fa6ae::e2b5c6362ec4d05c76078395533e05a313f337b5::55cf45cf59429f17a7823869e362ace864583542::bcaa2b2b66112a35e3350b52498dcb6b59a63867::7b0a50b0ad814a309a3d811ce92bece24ce5c733::dd8fa416d944f7e4cb4ceaf4b8c5d364a409ac3a::7c77903b5b6efeb56327d5da4fcc81ca7bfb0f60::c078aaa7e4518d46b909110a2337f1735be6031b::8985e98dd79f2d864f0d281a4288f9ccd9548020::d3b162d169005d42f0b2248f962d5c6e3a6a7345::5170c6eee3577a52365d83a8d23a435a3a9539d5::a809bf8d73a0da22e15d49c2ae57221291917aa0::e387255b44b5e33fc3e953e29dc0e6434f9fec15::aa32a063bd49ce0a6b5d44e253530af107573f39::2eebebd81ef36db182c3f4196fc550e337bc16d6::26f05705f517054208921600053f5301cc49bf07::4c232d08e27a28485ea22aff7753225421ced2ee::cbfe8cc571f9130a2e473cdf9ddf5a8c60d172e4::9a4a71a056f272b28052b228df104ea64ee39e1d::027136203ec09975df3515ea242ab217a51ae07b::094d042e6a9e457148895f8392ad74b2c1cb21f8::f7a4d0174af98e9db888df2486a4687bb99c2246::c4e9119029b5264ad8f06545e4467d9c1e1d85e0::353d85325bca1e4f8f755d7f812ba1be6d3fb538::fbc8de687567c15bea4a439f51affdf679846d51::ebbed3b48f40a73ade1635ddc8beb95e4b8625e4::ffd3e97d9b90328cb1586a01e18b3dfc7dc341b5::cf1d03288906d3ada8e0a08db34e91a670fef213::7a1e2629a92bd04e61591b530239d60dd988b587::81bbf5d775198ef698b51b1eb77a48236d5504b9::83ec8bd379e4919a9baccf48c24469667b0013e4::69ae749cecc32571853d89695d93988d5086682b::5323349c1950d808642848adbc008a7003cbda41::11857d0dc0a22f98c0942e34018098890a30a1c9::bd83197d845daa65fc80c2a920d388848e6e9f00::d970289013c578203348604d89b84293f5767b9d::e1665a959fb424b58ef10a93a021f3365c07c4b9::03a6acdfdc90bf7831a6aeb6bacf29c008cdc2f6::6700ab57ffb3830e1fe1efe657068b51bb58dc88::9d2192c1996b1f064f84881b257c8b69e669cda0::bf9c0744b0552e9f0604de3320f2241495666fad::3994aa756747fad4b20c92cee02c4a3d5a2a3555::d63379398c70b651f9b17128a05508310760f803::c08088317574e42cc41f271e99a460eb3cea6555::fb2542d45c3bae97542b9f5404836c887c1cb5e7::4bd64c06cdc84737481569b7ed4769b47e933d1c::a8898c052376f99851d70362a7ca62785b9a4954::072a29ebfcbd4f8bc978e5ee155f09600203b021::b92831ae9d80b57cf7919ece17f3183641faf1ee::9b627e6fb3a567297b9dfaca717f291d29fd7f42::0abae46e64b7a8f5ad8cce6b9e5406e7fb7a3e65::9bc99c3d86ae3f873bd76786c6da410c46b118d7::7f859d53649d3f715f58608c9f639e5c2a702c97::790c70d941ca2559b44c7d18826b37a376e695d7::8332590aebf8623f869c8bdf2fdc051504c37ef5::0bc3c653eba16adabff6dc0c4f6a5fe8704ca015::480e7b77b85838a8bd9240ddf81bed525dde1b30::17aa6280e6e81c7231f2614ffe41075e60df97dd::498d20df5d9868d78a10715620e868fbd938d8c3::4aff946eee020afdb519936b8539abf6d8ad3514::4eac76dcbb262f10af9202cdcbc3e95dee40107a::7ee037d14355d7fc9c91bc3cfaaeae4987e0dc17::49652d63fc3567b0991ba392630f1f4b06cede6a::c4608ba45480b3a4d0b61a34e6c2878dd425a1e8::3990a49ab4b1767cbb6a97908c9e967c723ae165::4f54b00c60670456807c21125c255387a94d9e86::c727620b29ab8792e01c56914092c19fd1c1712b::fc7ecabbfe5c92357aa941bc492e3fd952752b54::dee170d838181d201b357ccfaa00e6f2df660e66::426db5719857cec9d79aa073f2cc19fcde3f7138::a803599265e9d80ddb09ffc062b150a5d676ff26::167224ee31c2b1b11838a69373df69a7210d29b5::98ad3f04da27ad2cb59d21729e1474b8e94c75c2::33069846ceecec3f917786f3bd32b98536f7f323::d89faa7ff8f4914b62d5e81a38e2558ecb8429e9::0bc816f0452efa866799df1e427914425ae739af::f20c8d2f25aa9a5d6ece1af91b7abc00e1026f0b::d40ffe831893e2b16f01f7d5e9e9527cbd3d1e60::3097e9f29717102a514f5b7b7eeaf69db63ad9ef::bf05beacc6a30760e8dede94ab510ad401cc6359::5567977651947b54aa8d48d31f5b0d3c0b32e138::2732413910e0be593d72fc1762e304384158b70f::238edfb4dfa666af162af042964a157c32426269::385ee5f7bdb2a6af0583f2b3a13348ab94cb4e3f::6980412c0acc99983e92378aa27b31f95690a3a7::8d5d2557174f31ce5890107db61f204da033c726::880da5f9d6982e48747c1e9005ef54b0ca340a81::a05f41fa349c716d16888ffed8cd31dde6c8cd96::ce303bc7c3ad6cff77de652ab46ced601dd928f1::ab986231607b20853de0aeee0b26b90864eaab7e::f1447eef91b00562d3ead54ca98af01cd16e1731::105a10d89246772b24cec7c0377d701455137422::ad163320841a525e607715da8926780db5ba7ddb::28b4244f65e44da1ca1ca2745f8ee8e16b8ed57d::84649ce6300cf7b331f36b749cad34913661e4b8::20736bb8e99a105593ede0a5ee5f4d1d3b470bb4::e53b9572f5baf7cb4abfbda3209452a5ec3d3e91::91a9ab12fc5036b5c607ec4e7c97d8161681e42f::113ba66597152a0633c0f0739c5e4ed1c337d6e7::62a6ebba8db32fa07f1b901f5d6e7e8c0dc06a89::094426bb996b3e10730be0636480dcc3335e6a05::5a96701bb13a9ca9145a589e462d0d57518def8d::992805db8662d828083f1eb9f79917c97ee670a0::a09c1c90ebb30f62cac1c043ab14f6a113fd8405::0012fee7abaae77ff18bfba6abbc884497e50782::2613ab8f7f188242849b4141b2ad2aee81e55ac3::e8d975e6e6c61fb798ff523216744742b359a95d::656af99cd390cf068c1e5a2d7d30dad94ec79519::fa838e80b2ec1ef8df721a069486027adccf7335::395f9aa43cb58febabccf4d77919769333b03d94::f3a2d269874907a008df73dbe748a45020d3e76a::32a3515da3860fb4a54b61311c2bfd1cbe263b99::7df5007c121950aa72daa6ddeb9cc99f5c743b80::8d631163750816618b5fbf85575ed036ff3100a2::9bf4697cede74b649044a1437b6071236337823c::80ec54cf1b4efba8df6f91725bce9eb3f1bb4e17::672c2699ff89328c06168eaa2a63ecc2fba18fa9::9e3499541d18fca68c321178297b123149ace7c3::fc3428dcdcc24294b012ceaea6bdfb27a7e580fd::4ace3378e2891c2039fe83210978540f06e9ec9a::754b660ae12bfa8885d3055d6294b74a2b1f082a::91b191d2fb291c1f198e3b22d3d220b4ec9554b6::2692b82c3251766d9bcaf87a857b23675dec3eb9::264f2d0e965c3e4b0d2496abed7ee2ffde415b02::4e7bca9ecd7de323637ead8c09954589843dd29a::c5ebf4e6622c1fd6d3b8400e2e470f3d40eb13a1::7d60c52a341c373366eaa710fe053d5da54e9a25::f41fdf774b640f39b8b5b68e02a269f3d8a7a96a::cbd86f40e783f0ce563b9b8d3cfc3f1c8e93a9a2::ae77bf7049ccc30d17999cac432be4c9ba353703::05baeea60567f040fbb81856684f87b94d253e91::b890f75cde6644d59c7ee711ab0a4f5eedc91e31::23edd1838949ea2308957ae7cee9cc0a62a490b1::3274d76ba869b75adcdffc113fa28107a70060b9::a9cc29849790ad3319736cbd17604e938a63ef69::d09c9d4ef1e183a3afe70d4f6e1ca61435a2bb1e::0109cc478585683d6d8cd24568e1c02733c36065::ee0a00988d81d6e261ab072290894f3ce4db95f6::6c438d35a70a25118f77d7c4f4b5529395f058f8::0a4e786e5acca7389a074cefd490b30a6c82d3ca::9640e62152867a672c17525b75eedd702f63b113::bbd9677019684c90db6afaf923c3456b10fc7f60::e8115dc39d998d9bf53b549076f6b4f70ff3b4df::257cf85a258980d1953c1bc89de1808be43c1ca9::bd1e01618c57befbdcccca5acf6c1c81a4f9eeb1::6e45c873b0a41071dccb46075068fac43e0bbbbe::6694f37baf86dce21d624b334285bc00d20bc67d::6c14a8db9c7f7b8629cdaf8e5b22aae174d0066c::d88009d6e148006319316217ffc14db5dad34a1a::8a86b9026cd8c9f6292af3acdbd1ae4ac853f62a::d9ed1aee7c407ffee75b8c869c95a16951fb1314::5d3f68c284250ef85998ea83084a08168a489929::32fb5f75e1f59be474b768e9c9c0c7e992945af5::3537cac22a83dba9ffd67b2dcf7ebac809327200::e177d5c555e613834de24b95d7f090b16d0a3a7f::c611584942b095d3d710fc41d85639be2f1fdf80::af4b35c258722a1bfce767763a88a166e482fc52::c91946bd96aa7bbab4889abc627a4f0b6633fb9d::6c2d55d54320b8898d3e5377aa3ebafdf88ad3d6::4ccd16fb6062b0086d5015cd8102ef208b00ad77::ebaf3537e8ea5a503980dac37f0df443c2014ae5::a86ad61164f93083d783d51748f31edebbc952bc::6fb16f1f2a81ad204bab9a4b28ba260b0ea0182b::4251c9f0e04365efb8f0530b707835568d9669c5::e8b4576f46c5574f274c51e428c60f90fe7e45a8::7b93b991e0c96dd91f79504c590b9d88d235377e::3eab8755a34d37e42d5e6e09c5164b9b5b4846b7::463da0bd9fb649df1b960bc8d1233f45d5e3ae6b::0e01f4eb1e277a1b0eaa71031dd64195135ff517::efacb76532aac748d85669aa0428af037e8c8779::292da9517fd34cfd5ee5ba7e14e331f963d4b218::2ba1c7b5a079f0e935f31833452458db20d532af::9a500c45f9876e40af538d24fcf2518ef50c598d::1bf48d95b414eb2509ffc117494d747ca5d7adca::90e9d23f89e7c2da175f4eecdd51d361a3aed84b::9556d844e50aafcceb5cf4ae9ed28ee87c459251::880be37c77b4c52f35c2650da269bf7d96d93507::fca3ac4183711ffda04361192038606e9f46d93d::42b2105db5283850d5c446b3bcfc64b6faa6d911::e3970f73577f07a8749ca5da684665f401a552fd::8ec16ce6855dd36bbd5890f2225e44c149d01edf::51edf8adb912ba76bb920c7f02c1e1e99027a80a::8a8c0bf7f352307f6eb0eb0f6b41fa94a352c969::8578c5a33cf3a83ed68193d56c2db81561423e3b::1b3e28d1e1563128ee8ca78ed1acd6566fcab813::e0c716382ba770bcb3a33ee4353813a91c9d3f04::94b0daa9c766a6a85bdf4f99c1bce6f44080c355::2a3cd14b50ba4b1c2d2617455809c45faf53bc33::c22d70348e048f1516f1912a59bdd49bdf3d1e63::2bc645fbbcbce155c7b385433f3689c93c904b85::078a7f535ee36275a9ccf3638a0b02a0cf1ef338::58c6405879786d09f79bdd8570a2226a3b61320c::c731bf106f26dd5ad47520a6976016337e8bd04a::de3a0f5a4e308121d6a5b814c3b77b6194e9b1d4::300298e5c70d699cb6281673b7d9c9e6507fa129::f08b43d5771e49f573378204ab8d6b830cee7b34::e56849b0fc690e6c569789b68d008e67fa5b8314::639d7ef694bad585e7e2294c30465da6a4152602::b77f631d941680ab70c67dc1ea57cfeb9e06eb5a::a08604bd95dbea06eaea2e17cbbfb647e60f2f62::911f821181eb5521e4e178f7957ea7185fff207b::019483763dfa4e1317c86984b672bc9886b00d78::b9261b870e04581d99ed13d3acdf60af056896a1::c78881b211bf26fa0b96be9a1855a9e8548315de::4e5d76cc3d5446a5d07e0bb39836dc5f75b695ea::6d453c643a3442611b40de49760c70feb82a8568::e3fc5ad6c190f47d058f83ccc52d15626d2fc978::dba1e34218006f85f8adb9f514ddd767fa080be3::4225335fbf3c713fd02c8b52d007afdac3525bce::806399c23656a0b442aee062126d2a4bf0aa35ea::d5b1e7e8625f0041fbe3ee6573c31ac70b4796b1::bda32b183f6aecf456639825317eabbbf0f05e31::a5bfd947be8b4c2a4025b145a2fe92307091629f::a77add0c9d03f5300cbfdc5fe6dede8c6c8d8cb1::f3c53d3d66853a159d5ffbeb5fabbf5efd19cb93::96dd7e2a6bf8bc5ebeb2f7665052ae560bad54a2::4def8f33fa59d4e7d4355c53259fc0d5f3f53da8::ad7fec1f8e2d27607d1e8395b7d7010e7d9b2cb4::
